{"version":2,"hash":{"type":"Buffer","data":"IV46OfyARjNDtif2NE6wSqZEHGG2enU/K834rfimDurKBQpx1kODQLVFBhex/9yWYY7LLBtPDE47NIkchVdNR/oyHDj98jgZkkJr/ZX083S4xlBEVkZ40lUH4ws/UDVEB6jTbBkds3byn2fJGJhRF+blyrps4eqQM+IbcDOOy/4="},"indexValueMap":{"W4v0BOoCGTaCAwz1SL75pMYx9zxCWbE25+P/pZ88Ejc=":{"valueMac":{"type":"Buffer","data":"f+eORgm0c/8gG9g1ZKowI37hvY8y4Yv7KMZZ/Ij58YY="}},"9enODDZI1ucScg8gChFnUTa47pVU38/SgbRB6BAQRTM=":{"valueMac":{"type":"Buffer","data":"W6kyniTnCZDgt0V8x7l8D2kZpjdOuhv3G1Mwp789bdQ="}}}}