{"version":9,"hash":{"type":"Buffer","data":"zeTaIQIP3vCQWj9i+nQvm4UyjO+lWPeBRjEpkRpD0OH9ngK2S49693E1iq+StzklhpvWhZpBCSeEdq2t44A2xgUrG7gt5uwTs4NW5syo8eft78MKTB7n1KJ/TfsoIF+9jIknzI2u7hptjzD0NVZtZlAaefISlDTPT5XDSVENa/g="},"indexValueMap":{"ACP03s7FPK3L+81Q+8YC1OJqllXLehhwlVUx24gzHzQ=":{"valueMac":{"type":"Buffer","data":"JgVarComSQc7gbkQvwrd43Lm6PKr8gR9kEnk2zxgWgM="}},"CVPNwJN5RhS5aZw19DWeJwi0hoj7PIuBzNZdYCH3uNg=":{"valueMac":{"type":"Buffer","data":"uHK6lEQ2x7E9fKfYDDgvk7xm6INfozokSkmTSVi8E7c="}},"C35+XA2HYiM2/huFxaSPl/JIZmEFI7Kh8+72RV7ELro=":{"valueMac":{"type":"Buffer","data":"3xNM2G1gbnGeYNQzAgvzju7B2lR8lRPyGf202JzVY4Y="}},"DQYx572GTlO21j6xmJrJijWme707QQQCFJxzsTrK2VY=":{"valueMac":{"type":"Buffer","data":"DBq9OSpvJ+xOfIJ/grb7MvtHhbmJ4awP72lTN58089M="}},"ELI7+j3rGcUHS7h0Wv/2/giU7934QyaQV9l440OvNTk=":{"valueMac":{"type":"Buffer","data":"r9ib3zM9Zl9nmuCxnhvux2Ez9gBpZKzV9ekNMUv+DY0="}},"EwIYVoZwBzw8LY8YQo1vDVodt8ORwBD4aOp4lA8PVN4=":{"valueMac":{"type":"Buffer","data":"vscm0Re90C4BPwT3B/eM5+vbiFIw4ccgxfwyI4x3PiQ="}},"IFdXKCGqkn8JAtgEb2/5DF7S+5EkaKgtHmJbwWz4Iow=":{"valueMac":{"type":"Buffer","data":"cdl46UJszwp2UZWa/QrlJJkknjGbfsSSPPjggZYw0PU="}},"JfaBXJ05am8DVefK9c/VezKCXhhMA8lPUpl5wZx2EUI=":{"valueMac":{"type":"Buffer","data":"sW9POLCfn+Dl3y27dZ+amFPfGXTorCVbqANmw1nCc4k="}},"KZAA8nkmfBdpUAX7Cde8je67lgUYjoxQdu6hLgcF7IE=":{"valueMac":{"type":"Buffer","data":"XTe60ZPyZ3Wp6bDdOxVdkQpmQEWc2VnflNlsMrcGX2c="}},"LGkBEt5B12UODRllA/7GQabcmsQJ9ogra9EPmnJHpO4=":{"valueMac":{"type":"Buffer","data":"yP7zHhc9LlH7fN7ngy71vIZ5PFg8Lsi1Oq7IJ0g21VA="}},"LNSH3iGQAgUVB+PyKz9zkqV1HW/f9Q7lI+BhiPbLoaM=":{"valueMac":{"type":"Buffer","data":"JeXFkQCkOlxzuVnHA4yHTvh1Had9+s6qD5CW59g17H4="}},"NCqUVfNBj+Ln/ITAYE/JQMtpxczU4eXGZK6YF8fQgeQ=":{"valueMac":{"type":"Buffer","data":"AyKKIXjTv8pBojHQIIQBd98PxNiElsCjhYDKtFwZQ1g="}},"NRq5QTD3wSAbZSc3bhgL/lHzhbW3ZCLkMnTQwd9kk6s=":{"valueMac":{"type":"Buffer","data":"TwxaP5w9ERxnajT+hzW8KQZy3EqYYV6Lvc9Y1W+XEe8="}},"NSnfc6jam8GxtZB/Lc7UZa3FaMTbt5PJmNvTa2Ya7qM=":{"valueMac":{"type":"Buffer","data":"1PHA6Pqq8yysPgh3qxr9GgzAola2gP8c02Bm7aT81bM="}},"NWrdHtop3YRExaEOBmCGwb47601o75NB95a5w7fi8+M=":{"valueMac":{"type":"Buffer","data":"q/QehsCu8Y8oEB5F8cgZGnskQ/SDV3Wdp7taewb3SqI="}},"NjXb0w1X0FvkBgwuJ1pL3lVStq7oZR77NiG+UTKH3as=":{"valueMac":{"type":"Buffer","data":"bKjG7o9KG914iHrJRxq9pgHUVuupp1EXUgdi22nmQL4="}},"No2IJ9dAiCMBcVRw/7rVNHpsaw80N/0r8YXXlHDAT8Y=":{"valueMac":{"type":"Buffer","data":"cwCcrg0gv13xQdRK/jKNHmwltZFdDDd4DyU/SQO7A/I="}},"OYS8xVkbSxgWCivbVBhXKDodw8TAEFZ1tqAVX2m+jwA=":{"valueMac":{"type":"Buffer","data":"FC6NpQqCelxEtz+Zryk1rYM23GB12bVHxzWArCqZnws="}},"O6Z/HCfb3wz8u9gwFJpNWX1ZyJbLPiUbw0ZDN5H0t1A=":{"valueMac":{"type":"Buffer","data":"RG0o2+dITkZKQdwyoATAy2y+VooSp2CJyUxoXb4oLs0="}},"PI/eYiRgyWRZmYCh3TWF7oU75+TMureaokfbXrsvZfw=":{"valueMac":{"type":"Buffer","data":"sflxtc8ww+7omSEI1vwe5nSbOVJJvaNF5ucgemWhWKk="}},"PLyumhWSZKL0+rGS1+ZceTWwuxJXSanf5M1DZq0BnM4=":{"valueMac":{"type":"Buffer","data":"O9nrX/S2UcamaBFlZzZmQL3qmX+FUYFWR4rFZnq+hCU="}},"PRwTwLJqtocJtUuampv4G+2VnUe/wAAeWDBTJxsM1vg=":{"valueMac":{"type":"Buffer","data":"dvnfutmi994ZSNk7e53K0j4ipLTlfRcWOFZUPUSQ2Cs="}},"P+B9Lutpg3RTM14ACnUSxqBQsyqfeLRcOlnckooYROY=":{"valueMac":{"type":"Buffer","data":"aY+3tyKNRYo9bbYfdtz/K6W1sS1MmERzPFefK6Xuruk="}},"QX+2ffTwdTHtOBdoS+vFCpH6qD+31JoK/e4eW+eXbpQ=":{"valueMac":{"type":"Buffer","data":"lul/xGfRn+MZcrDOB/6k3iNuyaboRexYNbDUpdU5bio="}},"QqGp8fww1V9xkGH0eF1p+N5G0uR/Q5box3bdquf6WdM=":{"valueMac":{"type":"Buffer","data":"mQz8Lp9gJBZyu6L8yjom8D+gb5Sgxk1GKme4b2TCQ2I="}},"QuEAUmrNCc8fkbZ/egkov7aJY48aEPcSjkwdE5Yiu8s=":{"valueMac":{"type":"Buffer","data":"BbUpJ/LFTajZKtG0VdSzbybvcrcC+SC3S5p5rYP45gY="}},"RAS+wnMZsBBVtfGguKSLb3712agLIFaMmQ+E59TmtQI=":{"valueMac":{"type":"Buffer","data":"9dNGKmjBKoyRJvxDmKlRQYFURPQT/s2U/q2BI4CSEqo="}},"SEbrAvxlq3a6xlb9A8LfX9FvaC6RXOXjOpzVxoCsy3o=":{"valueMac":{"type":"Buffer","data":"fvHRwG3C5AzsTjRWMXmJzM9GAUEzXiu8A++PLKXyPx8="}},"VYwdI9myPLPX6xbVlXwkwlLWwUxdndj+AdPC4uX8S/M=":{"valueMac":{"type":"Buffer","data":"nZ4iJKd51/3A7P12+RBtguBt619757Y4OItHxQoYY9U="}},"VoCCrT7Fb3RQfUcNBjkkRVbnEZfAx8MuOij2HeaJB2o=":{"valueMac":{"type":"Buffer","data":"wg6989BYOvtxr0q4WOGSti9V5gA529MRdXv9MF53q00="}},"Vy0CBqo/LtAanwoGPlEecKGzeh/YOCRz3C4uesyE2oY=":{"valueMac":{"type":"Buffer","data":"iT2pa883jVNGul+RKYow7crdFw9C2+Iupo/aZ+bBpz8="}},"V5SBWVcB4U1dhgNNYTpvVMWovJItSbYgJm7MhchjPiU=":{"valueMac":{"type":"Buffer","data":"uNA4qWZxpzCAVtkTDM/xreYvjpBKPJ1HtlYE+Gjxn7g="}},"XFLMFqnmEHF4A55gXrg9jjajH2BRDdN321T8aQQMuOs=":{"valueMac":{"type":"Buffer","data":"sUEmkxYEjKX+KcUvSHImmjuWqkAH5YcGmVWuNSZ5aGA="}},"Xd0jgV5x+Y3BFEGVpJGTdPH36nWpM1FkPD+D+wI/s84=":{"valueMac":{"type":"Buffer","data":"96QL9KZ/8Z0TKRzhd1sGQSgPvPqCH/2797TjkOQ9CgY="}},"YH82Xq25FsBrgyZTVm33t19smozXH7XFXfjvMgILNrE=":{"valueMac":{"type":"Buffer","data":"k9zu2vlr48z48BXa9V1w2kmiGNvvoEOJaHdgl/Xp16s="}},"aNBWF7QQzSBQDT6U3ouNWt4AADIYSWntiN+/ceiJRZc=":{"valueMac":{"type":"Buffer","data":"xK5zlVx0+3PVIdn36fSLfNb7avv/j3gApGWiJEm+TAc="}},"aWQNEQkmPYjdyajtT5x0/02LnN/4mt8agt1DUUhApQg=":{"valueMac":{"type":"Buffer","data":"94capo2eP/LHuI3xlNgTtFJS2JA3RDZPeAZyD0r77rs="}},"bTw4QrN8Ol2O+cq5jWlPi7Y/pZw5iXkqovZ8CYf39Lo=":{"valueMac":{"type":"Buffer","data":"/fiOkCFjC1fkpC/+L93GJbnU92cZMTIBhUmooSYsOGY="}},"bclT7BRLIBn5ElWbWmze0ZrPBCrVjR7AXEfiQTErXqM=":{"valueMac":{"type":"Buffer","data":"xI7GW/LF2Gow1mUNzRjsb/aunS69gjaq+iFvzfcBOzE="}},"darK+hCUAzNMdb1OxT1e0snVCZ6jpViH+M/iX/mLR4A=":{"valueMac":{"type":"Buffer","data":"0H0ZzzVKcDnkXJvTLHPN+/SCpc6zbdMVXdgMjfOM6+Y="}},"eSAzJuUolaUfVhbnuklemUYrYn8UogCL/pRF/8a2emg=":{"valueMac":{"type":"Buffer","data":"ePEgcapf7CxlMi0s2f5nkTXRMVMz+AaWCEevWq6XuZs="}},"fdDrP0RTlTdS8/SPO0jm5shZZTRXxGI9U7msLxBj5eU=":{"valueMac":{"type":"Buffer","data":"0rfgnMSlU+HTLrEKnhXawh+pLHh7soJadOpft3vdbK4="}},"gTHuaoa1V4p4hMghgH/VNgbrKZ+15Xn6oKb3ymI/bc4=":{"valueMac":{"type":"Buffer","data":"lsKWudITWVY5XdnFrfdx8DtcyxlBr0boSs61fDFt3mI="}},"ikemXFqo4EW/m7nBNCYrrfiDXok4e9TI67ylY/oBiGQ=":{"valueMac":{"type":"Buffer","data":"0OP88M8b+IAZzcHsuz4blypEViJe6FA3X5hTxRigM3w="}},"i71Vxq4Nb3+b54FrDQCFVFUxb2nuHiRYW/wXVEdVAN4=":{"valueMac":{"type":"Buffer","data":"KcbGmQ2VE1DtC7X+bA73+uZpdmOpGn157BUWnOOo034="}},"jPU6+8U2TNwbrFHbnQem5OFih8IXTa6+qKehgJQqjC4=":{"valueMac":{"type":"Buffer","data":"118UzG4MP23+q/K68GFBG9SkwKhlX8rqIdnE7eMXqUs="}},"mVX7SZ0Ue66eQ4+6YlAowaktuL7DHsnSv3SBVTx1cFI=":{"valueMac":{"type":"Buffer","data":"WznCuzlE0lg1wLHDfPj/tnyk8J3d2SAXeE0XPA51Y1Q="}},"oXGAqAc40PLvYGTiIVshiJShArTlqZskOfb/zOfis1s=":{"valueMac":{"type":"Buffer","data":"jqc98dIin9yZsBwKa5j/qp2/QHh3YoEK6jlhlD1vaeA="}},"omxCRSGqFkIhCdZErpPIxitvkUWS10M4B71XEL5GfzY=":{"valueMac":{"type":"Buffer","data":"YBzIfIhxtnjOCfHx+KiHb8H5oyFTSf4SqcStYbW7l5w="}},"ouiYDWFyMhw7IeNaBEOqcosFbYGtDotnQEQF0BKd5T4=":{"valueMac":{"type":"Buffer","data":"bibmQGDW8H2MLFrTt5vCEQJkzVklCovpuYWdAB8Gm3Y="}},"pfbp/uAME/cVSjtHDHbBWvQENWxbTINRxaiQq/JTMV8=":{"valueMac":{"type":"Buffer","data":"HMbi1J6vRbPyPqy3KeLTMgpGOTaVlZdlYPdYvFh2ZdA="}},"p2sCBZu8OfzF7eqLCKrevnWd66xejVGfBs8VTpVKTyg=":{"valueMac":{"type":"Buffer","data":"MS1dyLh9YhO9drXN+1LDZ+R7Oez1sAdd+LHdxrGppCQ="}},"rbYo7pZcEEZBS+o5FdrwYdD/CcfJf7S5TshAZ5VXenI=":{"valueMac":{"type":"Buffer","data":"PfvP//fkQ/EcFX1/CkzuDT6r/0bX0ZQYHriIM6+Fhzk="}},"tM6vvGCQ8i1ldo5/IRCXrmbsjr/HJmuvNL3KDAL0jk8=":{"valueMac":{"type":"Buffer","data":"6ydo9+jpNszavOD4OzHnihxFP7oEkLwjsoz85lNEO24="}},"vB4kreN8E6awLVPRlDV6xPtrtMoELDuXwi+4vLWnMTM=":{"valueMac":{"type":"Buffer","data":"Rl/4eFKF/hwqb+2Cc06ySkdVfk8GcQtt3MjKHQZxpwI="}},"vaq8iymHfdesYFJWShiw3m72CCH46/RTEIyTT+RCYyA=":{"valueMac":{"type":"Buffer","data":"zOGkhKjXNM6c3kf8nzeu/Y/8C6dLznByoYHUJsbOzZY="}},"vy1ISDTV6YHakJg0gzMe+20Yli8eR4kTaMFvg8VUdIY=":{"valueMac":{"type":"Buffer","data":"WzQzWnTWpbMcO0dhrW6xw7bvuM5U278tLqYpMtVIIWo="}},"wKRwk3dsT4Kcdthdvgr2y/R0+D4Cw6mBi+reDXa04Gw=":{"valueMac":{"type":"Buffer","data":"ATU0iec6Pxd+LLXoUmLtCMms53YTDL/hShhKdNd3+HE="}},"wi0OFx4cSTmTgJv8xxyW69yJ6BdQvX5jEfejHbEm9KU=":{"valueMac":{"type":"Buffer","data":"gd0f93c3IZZeZD+GpvzVCeVShSGYNKCftBVMIlFajlk="}},"ygq6EHrg345ohXrDG1AUnHpGSSfAzwTWnwuuH9SI/OM=":{"valueMac":{"type":"Buffer","data":"J25om1fZHMaHYJ6fKggF+44kRRYLjB74hp3Ep5j2ZOE="}},"yjUQ9QfGm1+nTPqah6CxRNp/D3a/NDa/eifwMz1Fxdg=":{"valueMac":{"type":"Buffer","data":"q7OVhHzG7a5pvmw6PrmqgCkCRWax+YFPGCRRVB31B/k="}},"zUGvCLCtiuwSBPBCFqSw0371N4Z4R70kt+su0yTBNjc=":{"valueMac":{"type":"Buffer","data":"4kDws4tHmjhdmPzjcryTAf2GuPgmHBjwMx3163B9a10="}},"zUUtZqm3OuMq2pHXXcgrRSKI+W2aUO4y8lmzcVoQ6A4=":{"valueMac":{"type":"Buffer","data":"bfSIVOJgI9qd+wuDCM7dNXP942THnhMOjThJYLphrwA="}},"0EX5OkqLocqJ0/JdIPZ+dUIcy3T/pUj31WZG7NWN234=":{"valueMac":{"type":"Buffer","data":"HaFHfRdAHVss1SPal1VbPW7qh7ZQKrEjEM3PgCUhSN8="}},"0dDtGf3RMWhFI2YFpLn7cfDz2HykgKEWpWSWK+Rlp/k=":{"valueMac":{"type":"Buffer","data":"G54+9lH+u5WxyXZMr4Jm7pZ5/WzS10gjYW4QEv9THuc="}},"2xYeADHtfbyZsWgBf571z7pxSaMYEXR+JmNn5j3yYok=":{"valueMac":{"type":"Buffer","data":"+SLVjr0e258+VygSRpyvhPtFNnNiHFWXMvxYw8FY8Nk="}},"5BDwNCKG1ChqDySdMOr1/s6rx0uUdQYDDGgNQIB6DzM=":{"valueMac":{"type":"Buffer","data":"1ToNwlRh4xcJaNULNfY1WVFnOYjVNgNRtHjvJHmp9Vs="}},"8E+SvTwMsRxJezI9keUchzHMqm1F4cQagQp6ltQTLyU=":{"valueMac":{"type":"Buffer","data":"zsATssfG6AMM1/8VpRDy6ft5TqmcV060MrMosvMXX/4="}},"9F7bNjYR0RZP/CJHyxHNwh5N/h6P0KySG7xGpvWFndc=":{"valueMac":{"type":"Buffer","data":"2iHSaMK+/13Vnc2FvHB2e20Y4q1KQonmTM02j6ModY8="}},"91OE7B20zJaEbo+8r7ZRQTkJvFYKp3SPSutpjbj8o74=":{"valueMac":{"type":"Buffer","data":"tAVbz0bXPlvM7Ti7VjDgQYDGAqSEYsOny/msR2cg1vc="}},"8OZ9h7I2z27JTMsfCP58lTv2VtUWY5qEldegqJahVNw=":{"valueMac":{"type":"Buffer","data":"NezNBVK/r5LMTBV79DfCJd/4zHgEyvaDYpuR2cVblTE="}},"BT5b/lGwoKeZHr909LgtRtmVr/k8OrZb2ajL3Pjkvi0=":{"valueMac":{"type":"Buffer","data":"Uga7B4SWWuVExYE0VjTMoRbJpknGNK/ZqDGoGBgDcA0="}},"deind3H6A/O/+uYChZCTGhIDseIf9sxxTR5WjeOyYfA=":{"valueMac":{"type":"Buffer","data":"EZLJOtfDS3bobkjmeILag4zUx4A7bS1gC1ABYKr4wS0="}}}}