{"version":6,"hash":{"type":"Buffer","data":"i/i5RkVE4q0xKkQ2C7Zkg1wBPVRLm9ugznBLtgpmSiOU9IP/2/9Ej9+r1NEMEEFkl8sjnzblA7ZInmTnoKHpiIuAsZktJz+U6IWiBo+YieFuPMmJYhoMj0fAX+zta8FgsInAwjxZwxr0r15ekqviQQjWoRcHeQoQaGhyF8x/i6o="},"indexValueMap":{"Bt/seMLkhcaw5kR3p5dARNIUBW+m0ifrIu7OPHJE6IM=":{"valueMac":{"type":"Buffer","data":"ZbXrZGV68oMK/Upn9vmoiVmG9p0EG9orURhhQ2mgjPE="}},"Kiw/JIS4XoiXTGVjYi+K53gagU9AqIBF8Ex6jCf/rpk=":{"valueMac":{"type":"Buffer","data":"zGB2mgXf/Aq27SmZ9H2vo/qVYmrs0nnK20vFeNsMuvM="}},"gvWtFCNym+q5/aYfpVdHZSF0TiMsWaQndrKv469JuCk=":{"valueMac":{"type":"Buffer","data":"t4vh+3H9Pl3RRWbrXiIaVGu6XgoGx04Ilyls05Q584s="}},"z30es1Z0cERS/B/orGkoh2DGSpe/xUIcs2B+PJjksAQ=":{"valueMac":{"type":"Buffer","data":"uKBLQ2UOwgCZhATTZRLQXBqvJtR/VWZRQYByLkYo0q0="}},"7dPNuyQbyFenAGbfFaa0uzOde8hbOguIvGntUgZu/2Q=":{"valueMac":{"type":"Buffer","data":"NIzKPii7h2rAh8buaGqbQbPXTgw5/cYz3r7JtTLqW2M="}},"8MvRwWat2Rpi+pVYXLV7SfkJRTl9fNT14kcEm96wxVE=":{"valueMac":{"type":"Buffer","data":"vd5kEMd5N9YPcFfj7FZC2JFuxvcqz/IOzlKpJraGsBM="}},"4Z8WgKuNXcYAjt6J58PyrzaXi1/tdjwtpkZVi8njxZQ=":{"valueMac":{"type":"Buffer","data":"qgNuQMpGp1RGIkuFtg+QBvYUg1fz6qay+2JFyPbmAWo="}},"XoZ0ttaZ1FFptB2TMG19uL+b+wNf+Nt2ObrDf1N2/1Y=":{"valueMac":{"type":"Buffer","data":"o3QN1DEflEi5U3JWC4fMGZlHP5SveUqTRK3ypdUaX80="}}}}