{"noiseKey":{"private":{"type":"Buffer","data":"eMp1ftLSdB/dAHtiUefxiRPGPfTiqaN/plf9cNLOYVo="},"public":{"type":"Buffer","data":"ifNRgQL7xgLLWjeQDB6EdtMReus/CP7kqVA/mqMhfTc="}},"pairingEphemeralKeyPair":{"private":{"type":"Buffer","data":"eLSUVS589wH0yOHS7H+8ZsYfEph6BZ4csQIA68P3IGQ="},"public":{"type":"Buffer","data":"07aPdKyTA/NRUTWi9SUN8wrY0eOJc9K5Bi/wi9JC4RQ="}},"signedIdentityKey":{"private":{"type":"Buffer","data":"QABuZ8Sv+7VaxEKi1iKFhamLvLRoBIlebzQQtjPJsXA="},"public":{"type":"Buffer","data":"9KbVpIKJBqvrmsbLA1R9GcS+eNtdkwcMiN+mGr20SUo="}},"signedPreKey":{"keyPair":{"private":{"type":"Buffer","data":"+MUqDUNnxj6wGDYlyZ05H+Ai+px9+TC04pE+pwIh0Fw="},"public":{"type":"Buffer","data":"ZZvIkQZ2f772iPyj946vr4BqwahpaNRDK99SqzmJ8CM="}},"signature":{"type":"Buffer","data":"QcXimvO2N32gPcEPJKumx9rHABM5qvoCnFFkh7s6t8uqJ9F/wm/0gEfsErwMHkKiAiDxPJIu2JdvA7Krm58mDA=="},"keyId":1},"registrationId":44,"advSecretKey":"mDW02fdl/I92/fudH++B/97ypnf4oHfDW7BV3joLtUQ=","processedHistoryMessages":[{"key":{"remoteJid":"6285713108053@s.whatsapp.net","fromMe":true,"id":"3D4A13C741A1EF8D072240F84AED6868"},"messageTimestamp":1718439768},{"key":{"remoteJid":"6285713108053@s.whatsapp.net","fromMe":true,"id":"D429A82C3A039B4C7EF7DAFB25842413"},"messageTimestamp":1718439775},{"key":{"remoteJid":"6285713108053@s.whatsapp.net","fromMe":true,"id":"4E4B774FDE1A98A8C413C5BBE05BF8C8"},"messageTimestamp":1718439798},{"key":{"remoteJid":"6285713108053@s.whatsapp.net","fromMe":true,"id":"FD19953DD09125FDA8E3F717368D9A7B"},"messageTimestamp":1718439798}],"nextPreKeyId":31,"firstUnuploadedPreKeyId":31,"accountSyncCounter":1,"accountSettings":{"unarchiveChats":false},"deviceId":"tbzyVw5-QBqXBhGGwMvQ9Q","phoneId":"de1bf994-a687-4723-96cd-dd20f8842350","identityId":{"type":"Buffer","data":"s9mPHQPS96HpQjWTgenRX22TvGA="},"registered":true,"backupToken":{"type":"Buffer","data":"TFbClbiFKtCQsXRpwiUqCgEBZDY="},"registration":{},"pairingCode":"6RZQ4X8A","me":{"id":"6285713108053:5@s.whatsapp.net","lid":"41369628315873:5@lid","name":"FLIX BOT Ai."},"account":{"details":"CPTkq6MEEMOetbMGGAUgACgA","accountSignatureKey":"ol3jdV2+xHQAC/vlo/TazhKhi/QOTgkX7t7h91T51wo=","accountSignature":"glSsOf9JZESkHCzKr9cd3P0MDYSNBqV4+LJ/6TOILukVb+ZyaH1OxGd7vPWzWNoYqfasbRlzF/svQHyOzWUaCw==","deviceSignature":"Bta9wVS1oQNxDeM2thji//DfG3s1cS+zETydgx1wuS6WCP5vjx42J7uprTW3YGbQjBk/laBkHwoANTIoeksKAw=="},"signalIdentities":[{"identifier":{"name":"6285713108053:5@s.whatsapp.net","deviceId":0},"identifierKey":{"type":"Buffer","data":"BaJd43VdvsR0AAv75aP02s4SoYv0Dk4JF+7e4fdU+dcK"}}],"platform":"android","routingInfo":{"type":"Buffer","data":"CAIIBQ=="},"lastAccountSyncTimestamp":1718440208,"myAppStateKeyId":"AAAAACGN"}