{"_sessions":{"BWsI6xygu+zNGWRkxpy8M75VwtoQ75NSnKBugqHJGj1P":{"registrationId":304994784,"currentRatchet":{"ephemeralKeyPair":{"pubKey":"BTmYwg6IE+Njf5d341jkqspaq+sbhMTOvsIx1hzTXdVD","privKey":"2FZljOyLN0mt98LB4XjIpkxO03fF7QdV3tkPPy0u8Us="},"lastRemoteEphemeralKey":"BfOisngayVIzBgcLT/hbJs6O6ohQAlV3/AfY6oUbUQpr","previousCounter":0,"rootKey":"Pfe4UBYM9iBVqP3jYLt0eROy3L9FDp9WW707KpRZc5Y="},"indexInfo":{"baseKey":"BWsI6xygu+zNGWRkxpy8M75VwtoQ75NSnKBugqHJGj1P","baseKeyType":2,"closed":-1,"used":1718441363489,"created":1718441363489,"remoteIdentityKey":"BanECCNjA8Zjuq3K98oStubAS0JMtRZpguoHjLYkGkta"},"_chains":{"BfOisngayVIzBgcLT/hbJs6O6ohQAlV3/AfY6oUbUQpr":{"chainKey":{"counter":0,"key":"6xlI1RybGokie2ynnTwBPcT/6NSD7TC4NzrITXYv7fM="},"chainType":2,"messageKeys":{}},"BTmYwg6IE+Njf5d341jkqspaq+sbhMTOvsIx1hzTXdVD":{"chainKey":{"counter":-1,"key":"Csr2wNrOrtVuMZrvwHrf3Om8L8gfmuY/UdzOwkSdESM="},"chainType":1,"messageKeys":{}}}}},"version":"v1"}