{"_sessions":{"Bc4kh4aSaKT8QuPGjdeqg5NzLMtJfoytzh7lghhpVFks":{"registrationId":83,"currentRatchet":{"ephemeralKeyPair":{"pubKey":"BQOMPkUhRGzhd8oLm4xNS6deN8ncxNmB/rx5Wvwyj5NF","privKey":"mBRosteP1rbIW2j2M5bMkoCmOV1pmBPnpTqapPm2gHI="},"lastRemoteEphemeralKey":"BR1PHpXdfmwsCx9oq2l26w2XBLF8ll1ZHOYWnkIHgP4o","previousCounter":0,"rootKey":"vFKtn9SANSlfDeg3nzHmWpPHk1ZIrZsWddGcB6WMRwo="},"indexInfo":{"baseKey":"Bc4kh4aSaKT8QuPGjdeqg5NzLMtJfoytzh7lghhpVFks","baseKeyType":1,"closed":-1,"used":1718439260885,"created":1718439260885,"remoteIdentityKey":"BUmcgbowHqjNsbVvIhyI/P+wlHxPzz0HsOrKoIPUZShf"},"_chains":{"BQOMPkUhRGzhd8oLm4xNS6deN8ncxNmB/rx5Wvwyj5NF":{"chainKey":{"counter":10,"key":"/cjNaNAPoVvhpy6rBrtPdgtsZYKeQG6H+6dcmctonhw="},"chainType":1,"messageKeys":{}}},"pendingPreKey":{"signedKeyId":1,"baseKey":"Bc4kh4aSaKT8QuPGjdeqg5NzLMtJfoytzh7lghhpVFks","preKeyId":25}}},"version":"v1"}