{"_sessions":{"BWPPZO8wVz4WC0ZYvqAEIHUf/0InlI1dz49UQbnvryg5":{"registrationId":405330759,"currentRatchet":{"ephemeralKeyPair":{"pubKey":"BeztJk3DpJyFECIe9tXRuTKqVuuME6ulmNvjMPAi7kMQ","privKey":"GHSXPNDsuNOxOA3iXXkFtD/eWE0GsCdS9CQOTYI1a1w="},"lastRemoteEphemeralKey":"BcJX30TfMSGdeT78B2JW7mHJCOqGkQRMycB17ZSlE8xT","previousCounter":0,"rootKey":"v9KBexd6w9oP7lVI0KI+1dlNwOznoVQegPowH7Ws1fA="},"indexInfo":{"baseKey":"BWPPZO8wVz4WC0ZYvqAEIHUf/0InlI1dz49UQbnvryg5","baseKeyType":1,"closed":1718439772203,"used":1718439260897,"created":1718439260897,"remoteIdentityKey":"BYRYm5zKIXgPyw8O9IpZukzOmFoFeNIq6NiJQrPI8kgV"},"_chains":{"BeztJk3DpJyFECIe9tXRuTKqVuuME6ulmNvjMPAi7kMQ":{"chainKey":{"counter":4,"key":"c5Lj9NLCA3eyo7K8VbPSX3uhij/P2n9MICQI9vt+Zsc="},"chainType":1,"messageKeys":{}}},"pendingPreKey":{"signedKeyId":2,"baseKey":"BWPPZO8wVz4WC0ZYvqAEIHUf/0InlI1dz49UQbnvryg5","preKeyId":11258625}},"BRDHqWEWPZaUkIkY/OqLjxiu5wkRQerg5miANGRENUtE":{"registrationId":405330759,"currentRatchet":{"ephemeralKeyPair":{"pubKey":"BXf5JaOt6QPG645fMgBGZsFXXwURsx9dmrAjLA6LhQg8","privKey":"MHrhsZlJnNPv7Tl1LfEkRUWsahGEk+apzIYQPQA9BXM="},"lastRemoteEphemeralKey":"BcJX30TfMSGdeT78B2JW7mHJCOqGkQRMycB17ZSlE8xT","previousCounter":0,"rootKey":"xW2DohjFmuU3S0ANGs1tOeYzrcB64gMbF9bBVU9U15A="},"indexInfo":{"baseKey":"BRDHqWEWPZaUkIkY/OqLjxiu5wkRQerg5miANGRENUtE","baseKeyType":1,"closed":-1,"used":1718439772191,"created":1718439772191,"remoteIdentityKey":"BYRYm5zKIXgPyw8O9IpZukzOmFoFeNIq6NiJQrPI8kgV"},"_chains":{"BXf5JaOt6QPG645fMgBGZsFXXwURsx9dmrAjLA6LhQg8":{"chainKey":{"counter":5,"key":"wJc1wofL6dKpIeafDZ7CT703x4HcFlD4STBApZjrIn0="},"chainType":1,"messageKeys":{}}},"pendingPreKey":{"signedKeyId":2,"baseKey":"BRDHqWEWPZaUkIkY/OqLjxiu5wkRQerg5miANGRENUtE","preKeyId":11258766}}},"version":"v1"}