{"_sessions":{"BTr6nGbl7+cyMMa8dMc+ChLV9NiM4s33fSPrlhRe3iVa":{"registrationId":1239980585,"currentRatchet":{"ephemeralKeyPair":{"pubKey":"BbjBjNV5jh74H3J8zXt6kYkx0ijqmjtkilkx/3NKMY1K","privKey":"sFN4SN3RN5lYiuEm8FuLnwnXPEGmLxmNq0za1ClC+VQ="},"lastRemoteEphemeralKey":"Bd2Y/LfwqKdtgd0xBgGfBrN37NX3OPPLvfe/iJ2BegF2","previousCounter":0,"rootKey":"JPeX0UzCsiF4ST1MfQ68tEUKiCPKQzTAPw7OIZkQwZI="},"indexInfo":{"baseKey":"BTr6nGbl7+cyMMa8dMc+ChLV9NiM4s33fSPrlhRe3iVa","baseKeyType":2,"closed":-1,"used":1718440239145,"created":1718440239144,"remoteIdentityKey":"BVLu/Xw3Ir2ok1mDCA4ISzgq8HbkWDaRYeO/hwWt0ZQt"},"_chains":{"Bd2Y/LfwqKdtgd0xBgGfBrN37NX3OPPLvfe/iJ2BegF2":{"chainKey":{"counter":11,"key":"UXYeD0O0wj4hj2U1hN2F1a2XQpD8qAD6phVmDlQQ9Wg="},"chainType":2,"messageKeys":{"0":"FIiUULcQKmRiSInvf1D2Sau3VPKasfrG+LZyTvOmNPQ=","1":"n9xzv2+CY1BiNU6si66anH6c8CxXRPH1TFQFuCkx/cU=","2":"YH0zLvCVOK2NC6kaJ9Czr4HfHSIBTyb9V6f9rWV+UHs="}},"BbjBjNV5jh74H3J8zXt6kYkx0ijqmjtkilkx/3NKMY1K":{"chainKey":{"counter":-1,"key":"7ea++4ELdJNiHhAcCHxPctDAfHzG6y86uzUYMsuWN0w="},"chainType":1,"messageKeys":{}}}}},"version":"v1"}