{"_sessions":{"BclpAz7yl0o4BHuC700+u9XD6sBtLC1r4w5ge7/YCJEl":{"registrationId":149,"currentRatchet":{"ephemeralKeyPair":{"pubKey":"BRPByZCp1hwT7sDaNZXTiK6XQIMPJq9H2iVKKVF3XOkZ","privKey":"aC37HqtkW89FKUEHZgTK2SGR+W6c2tA0qeZgsg04/0w="},"lastRemoteEphemeralKey":"BUbA7e3+t1+/yK+gT0e0YturIrxZY42WohVto3XJM9JX","previousCounter":0,"rootKey":"N77nJHk0K3LdqHW30zionVO2h5FvRJQPb+cUSgZSfmg="},"indexInfo":{"baseKey":"BclpAz7yl0o4BHuC700+u9XD6sBtLC1r4w5ge7/YCJEl","baseKeyType":1,"closed":-1,"used":1718439768133,"created":1718439768133,"remoteIdentityKey":"Bcl0Yb/zzdvU6GX1Jr7xtlcc8bHf+jSoBdSk4/iS94My"},"_chains":{"BRPByZCp1hwT7sDaNZXTiK6XQIMPJq9H2iVKKVF3XOkZ":{"chainKey":{"counter":6,"key":"aU/vNzwV45fyNZuWaLtxJbUX4jCyDq/eDROUzWTiHTY="},"chainType":1,"messageKeys":{}}},"pendingPreKey":{"signedKeyId":1,"baseKey":"BclpAz7yl0o4BHuC700+u9XD6sBtLC1r4w5ge7/YCJEl","preKeyId":10}}},"version":"v1"}