{"_sessions":{"BSh6ABXtU92RrDZ4GtfpWWZY+AW6+1QStne3cPyUM6Mg":{"registrationId":1819071190,"currentRatchet":{"ephemeralKeyPair":{"pubKey":"BS2xiUJepvnWBBCBHZlQthExAt0MtU/42K52bZIrPJQf","privKey":"SI98qUAXrCwnzWaTxMkQ1/Exvla0NzmC5OgHuT+YHlQ="},"lastRemoteEphemeralKey":"BTNUsZ9cDAgJ6Y+urLZC8DphNCPDAqd7tqmZ/ZDaZNRd","previousCounter":0,"rootKey":"s48qKt3rBrHM4Ezm/VNAJFvbiPaBBWzvsAoL+v0AMTg="},"indexInfo":{"baseKey":"BSh6ABXtU92RrDZ4GtfpWWZY+AW6+1QStne3cPyUM6Mg","baseKeyType":2,"closed":-1,"used":1718441297860,"created":1718441297860,"remoteIdentityKey":"BQHDADNiuLyHETVVBTDOKkK72RSA57i1keNIT8ApAMNn"},"_chains":{"BTNUsZ9cDAgJ6Y+urLZC8DphNCPDAqd7tqmZ/ZDaZNRd":{"chainKey":{"counter":0,"key":"RUH4/dgIxT1D+orJGUTJsH+9wqMtlG1UIlRd6DrnNsc="},"chainType":2,"messageKeys":{}},"BS2xiUJepvnWBBCBHZlQthExAt0MtU/42K52bZIrPJQf":{"chainKey":{"counter":-1,"key":"xdj8TZhxiSZLsLfAwA/egbgKalen0KbMQ4EkUNRnQEs="},"chainType":1,"messageKeys":{}}}}},"version":"v1"}