{"_sessions":{"BZsonr3JHTmClApwM+Yt+QEMZfPitO9t54CrGRGNazka":{"registrationId":648244693,"currentRatchet":{"ephemeralKeyPair":{"pubKey":"BQ0cyLo31ZLozmsug83qY729bKzoeSfVD10d4IL/Ttsv","privKey":"uIvG08Pmbxu6wbV2L5Pvjm0ULsOmYF1CDq3NbT3uXEo="},"lastRemoteEphemeralKey":"BTayg8TGZiBRwcoYC00v4dUBg6vNup9iEWhZscxvITAJ","previousCounter":0,"rootKey":"ZbSCKiePy9OUOzH+crNv6Pz5qeH2O4tTK5vLTKVo7lk="},"indexInfo":{"baseKey":"BZsonr3JHTmClApwM+Yt+QEMZfPitO9t54CrGRGNazka","baseKeyType":2,"closed":1718439260932,"used":1718439259714,"created":1718439259714,"remoteIdentityKey":"BaJd43VdvsR0AAv75aP02s4SoYv0Dk4JF+7e4fdU+dcK"},"_chains":{"BTayg8TGZiBRwcoYC00v4dUBg6vNup9iEWhZscxvITAJ":{"chainKey":{"counter":5,"key":"6c5xkPfNZeGDs5hduijsv/n8C9PWrgby3U4xs/TIncc="},"chainType":2,"messageKeys":{}},"BQ0cyLo31ZLozmsug83qY729bKzoeSfVD10d4IL/Ttsv":{"chainKey":{"counter":-1,"key":"doySr3YWb/Ev/HtyN+c73ffYDgavsi+V9jIHpV6m5ps="},"chainType":1,"messageKeys":{}}}},"BcHgNkyBfMgBNa9+pHSjyGXZt0WABSrbZj94h9ejLToq":{"registrationId":648244693,"currentRatchet":{"ephemeralKeyPair":{"pubKey":"BQqeVqZ+rEoNTIQKNDng6c/peMrUFRPqkVtJHa0rWGR/","privKey":"6MzXIPmific5dQKCMv/6xFlClPIc23OiqRBaUB6Lx3g="},"lastRemoteEphemeralKey":"BbjaUafjkfiWsuxWi8L0IO3xtdAa2AUl6hR/aTHXwspW","previousCounter":1,"rootKey":"R3UxEwAqrZSiiW7HWwPJFJ29ZY/V2Y3uwcKbRbusQRI="},"indexInfo":{"baseKey":"BcHgNkyBfMgBNa9+pHSjyGXZt0WABSrbZj94h9ejLToq","baseKeyType":1,"closed":1718439766956,"used":1718439424876,"created":1718439260907,"remoteIdentityKey":"BaJd43VdvsR0AAv75aP02s4SoYv0Dk4JF+7e4fdU+dcK"},"_chains":{"BeV/7c3wTi3OcDvp9TAkl/73APOTrVqhHiesn/mrVUk1":{"chainKey":{"counter":1},"chainType":2,"messageKeys":{}},"BbjaUafjkfiWsuxWi8L0IO3xtdAa2AUl6hR/aTHXwspW":{"chainKey":{"counter":1,"key":"Led2xFzsVBK0ihW7wANXj0+AlAi8HIH2MQFD+jzw/Fo="},"chainType":2,"messageKeys":{}},"BQqeVqZ+rEoNTIQKNDng6c/peMrUFRPqkVtJHa0rWGR/":{"chainKey":{"counter":0,"key":"gIyYJqt4T+h5dW9ii56Bp2aJtUv/weDnwq8WLEBYrkA="},"chainType":1,"messageKeys":{}}}},"BRc+YmmIwHlDNyCkPv5zGdHeyjOroAp+4lw+AP+SR+QN":{"registrationId":648244693,"currentRatchet":{"ephemeralKeyPair":{"pubKey":"Bf0FJ+KVwyxgst65MPHtoinfwuN9887raqHD5iRcaBw2","privKey":"MJ/zqBhtLHikuHVN+zkpjizu9fPvZDzbc78lmcqn7HY="},"lastRemoteEphemeralKey":"BXePn9RKYYbB43KnyWV5p8Iu69mw2U16vaOonYJ1NJkA","previousCounter":0,"rootKey":"jafKBI7DzxOqNIInFRqxir5li0d5KR2bsiBZsNs7Iws="},"indexInfo":{"baseKey":"BRc+YmmIwHlDNyCkPv5zGdHeyjOroAp+4lw+AP+SR+QN","baseKeyType":2,"closed":-1,"used":1718439798315,"created":1718439766971,"remoteIdentityKey":"BaJd43VdvsR0AAv75aP02s4SoYv0Dk4JF+7e4fdU+dcK"},"_chains":{"BUXSFlHdXG5u0Err5mb/G1EUIQXbenSFpiTdTkci/S8i":{"chainKey":{"counter":4},"chainType":2,"messageKeys":{}},"BXePn9RKYYbB43KnyWV5p8Iu69mw2U16vaOonYJ1NJkA":{"chainKey":{"counter":3,"key":"ZyrlO7KeGcOMfDDUSnMSOqVr7grFG45VdquW2ipygkE="},"chainType":2,"messageKeys":{}},"Bf0FJ+KVwyxgst65MPHtoinfwuN9887raqHD5iRcaBw2":{"chainKey":{"counter":5,"key":"rfKE75d1bnBrX/LXPKWlwG5TPr0YElfzmBROwexqMyU="},"chainType":1,"messageKeys":{}}}}},"version":"v1"}