[{"senderKeyId":166658578,"senderChainKey":{"iteration":993,"seed":"WLze36umbCh1iFQ+B4xcaXSVAdSNitv6LotGG0FkSP0="},"senderSigningKey":{"public":"BcCAkARpN5gP6aFTQafLLkyP+7awNdVjSD75KXaRbeVM"},"senderMessageKeys":[{},{},{},{},{},{},{},{},{},{},{},{},{},{},{},{},{},{},{},{},{},{},{},{},{},{},{},{},{},{},{},{},{},{},{},{},{},{},{},{},{},{},{},{},{},{},{},{},{},{},{}]},{"senderKeyId":166658578,"senderChainKey":{"iteration":884,"seed":"0l4FVBBECkcZemXjhA6QuSyH/9a+f26sjXJN3ewLRsE="},"senderSigningKey":{"public":"BcCAkARpN5gP6aFTQafLLkyP+7awNdVjSD75KXaRbeVM"},"senderMessageKeys":[]},{"senderKeyId":166658578,"senderChainKey":{"iteration":884,"seed":"0l4FVBBECkcZemXjhA6QuSyH/9a+f26sjXJN3ewLRsE="},"senderSigningKey":{"public":"BcCAkARpN5gP6aFTQafLLkyP+7awNdVjSD75KXaRbeVM"},"senderMessageKeys":[]},{"senderKeyId":166658578,"senderChainKey":{"iteration":884,"seed":"0l4FVBBECkcZemXjhA6QuSyH/9a+f26sjXJN3ewLRsE="},"senderSigningKey":{"public":"BcCAkARpN5gP6aFTQafLLkyP+7awNdVjSD75KXaRbeVM"},"senderMessageKeys":[]},{"senderKeyId":166658578,"senderChainKey":{"iteration":884,"seed":"0l4FVBBECkcZemXjhA6QuSyH/9a+f26sjXJN3ewLRsE="},"senderSigningKey":{"public":"BcCAkARpN5gP6aFTQafLLkyP+7awNdVjSD75KXaRbeVM"},"senderMessageKeys":[]}]