[{"senderKeyId":998560190,"senderChainKey":{"iteration":775,"seed":"z7fWiDSt+QE4LrfNKPDKrp4LNQpt9wLrM5NHZo0bXao="},"senderSigningKey":{"public":"BaogCjT0gLsPPpsthQ98PIvF7+8vsEvhf3RysfPxhAsk"},"senderMessageKeys":[{},{},{}]},{"senderKeyId":907760326,"senderChainKey":{"iteration":1028,"seed":"/PIBOI9JCP/chVBFU55pOu+kVmAdno/lNMfvQFAK4Mw="},"senderSigningKey":{"public":"BVD1M2KrO0iUEG0mZMCjKOIs5sm0rmHS0vioBAh76rJE"},"senderMessageKeys":[{},{},{},{},{},{},{},{},{},{},{},{},{},{},{},{},{},{},{},{},{}]}]