{"_sessions":{"Bc4kh4aSaKT8QuPGjdeqg5NzLMtJfoytzh7lghhpVFks":{"registrationId":149,"currentRatchet":{"ephemeralKeyPair":{"pubKey":"BTMYMbkvctxL09V/RM5vafYT2gIo13keTJ9xLDHjfRIR","privKey":"QBYsMGUzprihuCG1xtSqZui1q/o+ukyas0l3n5j22G0="},"lastRemoteEphemeralKey":"BQOMPkUhRGzhd8oLm4xNS6deN8ncxNmB/rx5Wvwyj5NF","previousCounter":0,"rootKey":"mIN+86HlbE2yg/4Nk70P/fAf6g1g8XorANQVj9gR56A="},"indexInfo":{"baseKey":"Bc4kh4aSaKT8QuPGjdeqg5NzLMtJfoytzh7lghhpVFks","baseKeyType":2,"closed":1718441941710,"used":1718441941517,"created":1718441941517,"remoteIdentityKey":"Bcl0Yb/zzdvU6GX1Jr7xtlcc8bHf+jSoBdSk4/iS94My"},"_chains":{"BQOMPkUhRGzhd8oLm4xNS6deN8ncxNmB/rx5Wvwyj5NF":{"chainKey":{"counter":1,"key":"SZ9ImR2K4se2VRosWL89ENyDZ5cZDQgraasHE1n2bDs="},"chainType":2,"messageKeys":{}},"BTMYMbkvctxL09V/RM5vafYT2gIo13keTJ9xLDHjfRIR":{"chainKey":{"counter":-1,"key":"RDsRsxfEeSZqOFzmZJq44vwxDDDijzM1WQjtd3aTKkc="},"chainType":1,"messageKeys":{}}}},"BUkcjlsDgvxywH13FLIqZ8syPcrgacA9lmC5OzEeMJAl":{"registrationId":149,"currentRatchet":{"ephemeralKeyPair":{"pubKey":"Be3ynPbDxE3sUWzqQtJZUn7cxIqKUVKB2IOvRaeZebd5","privKey":"UD3PlTXGPiN/Amvw7xCi/bFeT/rDCUWE0Hla0PpsHV8="},"lastRemoteEphemeralKey":"BUbA7e3+t1+/yK+gT0e0YturIrxZY42WohVto3XJM9JX","previousCounter":0,"rootKey":"wZLKblKXoT50ta0jcX3kKYbm+FDhenDs2oO3MGgqa6s="},"indexInfo":{"baseKey":"BUkcjlsDgvxywH13FLIqZ8syPcrgacA9lmC5OzEeMJAl","baseKeyType":1,"closed":-1,"used":1718441941689,"created":1718441941689,"remoteIdentityKey":"Bcl0Yb/zzdvU6GX1Jr7xtlcc8bHf+jSoBdSk4/iS94My"},"_chains":{"Be3ynPbDxE3sUWzqQtJZUn7cxIqKUVKB2IOvRaeZebd5":{"chainKey":{"counter":2,"key":"mCB2QLPChmF0bDiHwmezLJr0I0HEi4m2zKWSj+vqURY="},"chainType":1,"messageKeys":{}}},"pendingPreKey":{"signedKeyId":1,"baseKey":"BUkcjlsDgvxywH13FLIqZ8syPcrgacA9lmC5OzEeMJAl","preKeyId":14}}},"version":"v1"}