{"_sessions":{"BY/rYyduuNXmm2SwnDcgyAF+f3zftfr01MKe248vDH8E":{"registrationId":44,"currentRatchet":{"ephemeralKeyPair":{"pubKey":"Bfn8n501Hi4VpzERQVaBwf72ilsVrNuq97kmO9Ac1sZi","privKey":"yHiwI2VvOJiU0PJW2NkYU5zpf4WC77fIyt5Sp/dgXXM="},"lastRemoteEphemeralKey":"BWWbyJEGdn++9oj8o/eOr6+AasGoaWjUQyvfUqs5ifAj","previousCounter":0,"rootKey":"sR63GEy7icuNOFnpDEeLKJmp8pebiTps2U0O3UdSuT8="},"indexInfo":{"baseKey":"BY/rYyduuNXmm2SwnDcgyAF+f3zftfr01MKe248vDH8E","baseKeyType":1,"closed":-1,"used":1718441941705,"created":1718441941705,"remoteIdentityKey":"BfSm1aSCiQar65rGywNUfRnEvnjbXZMHDIjfphq9tElK"},"_chains":{"Bfn8n501Hi4VpzERQVaBwf72ilsVrNuq97kmO9Ac1sZi":{"chainKey":{"counter":2,"key":"bMb+1lH193MSQo5LCoPM9TSfgeVr/36lQdwqcQ3JHsA="},"chainType":1,"messageKeys":{}}},"pendingPreKey":{"signedKeyId":1,"baseKey":"BY/rYyduuNXmm2SwnDcgyAF+f3zftfr01MKe248vDH8E","preKeyId":1}}},"version":"v1"}