{"_sessions":{"Beb49SM5eVBgGLVDd4+zkOJ8DMs+bSmcVOtykZh1Q0wq":{"registrationId":1239980585,"currentRatchet":{"ephemeralKeyPair":{"pubKey":"BWsY29waf7/agsmtB4V9dPZdZWD8H7YNz22z5764TRwh","privKey":"aJefNGyJQuN9iBGsNW2Xj3jiVUVjtj5TdweYh4Ntz1E="},"lastRemoteEphemeralKey":"BTaoiJjTqbDb5QERrW8W5NAwxiPDUNggClEcmVYHUVBA","previousCounter":1,"rootKey":"lKuQM2ae85z3k2261gf0iURPyiMGslcqaBiGVyxBORY="},"indexInfo":{"baseKey":"Beb49SM5eVBgGLVDd4+zkOJ8DMs+bSmcVOtykZh1Q0wq","baseKeyType":1,"closed":1718441956775,"used":1718427063171,"created":1717240943347,"remoteIdentityKey":"BVLu/Xw3Ir2ok1mDCA4ISzgq8HbkWDaRYeO/hwWt0ZQt"},"_chains":{"BTXgeAcCugOtoZt7buTvlqkU1i2lsIwFw+mkC9lUfgMb":{"chainKey":{"counter":0},"chainType":2,"messageKeys":{}},"BeV6yYiydQrx91tb6DgJIBcwqrN0W2Um6r84znxAkIE9":{"chainKey":{"counter":0},"chainType":2,"messageKeys":{}},"BS6KGo+Yy3z3upFmDE/h+2Da+wfvAHAo88KaynKXC4p7":{"chainKey":{"counter":0},"chainType":2,"messageKeys":{}},"BRZvy51F+VLFdDEa0NN1xYArWK5GIvKhViwYiTc84ZZO":{"chainKey":{"counter":0},"chainType":2,"messageKeys":{}},"BcyO131iwFk0dhIvJ+vpVTgRTkQuSRgLF99U1OoWRhBc":{"chainKey":{"counter":32},"chainType":2,"messageKeys":{"4":"2BU1G/c/THXh4hKGg9F3w3+wmbEuAmiCdIEZy4UOD5k=","5":"ckQQwjovOsfclIDZ8Rm+Kjx60Nk1Tc85r7lu9LtjmFs=","7":"9DZ5RVycWq9Xc5HF6Ev0zvrfK8IiVPrAhboc4nIK7sA=","29":"mrjBQxO9lKbzyJ1zXYA55AT7DAYy2h38+CfM3gqXUJk="}},"BSB9y6vDQSz9B+qKw8D/ig2/Ujg8y0IZPqiWfZ0Ipug0":{"chainKey":{"counter":1},"chainType":2,"messageKeys":{}},"BTaoiJjTqbDb5QERrW8W5NAwxiPDUNggClEcmVYHUVBA":{"chainKey":{"counter":2,"key":"NjtLc/QKsZ8WVD0dcm3DN0UfKwOb+yBWxJMyfRav3UY="},"chainType":2,"messageKeys":{}},"BWsY29waf7/agsmtB4V9dPZdZWD8H7YNz22z5764TRwh":{"chainKey":{"counter":8,"key":"OOomVVS4/BotEaNFirUbRGZnv0Rueef8Hm+qO3p6moU="},"chainType":1,"messageKeys":{}}}},"Bb9m+vsSVPsDsRNqGx4H2p8AIdomZCazJJce4HGkdF0k":{"registrationId":1239980585,"currentRatchet":{"ephemeralKeyPair":{"pubKey":"BdUrsHRbk4Xu7b6/C9XVSq6SxsFIZq349lSJPih+/mxB","privKey":"iHgizN6Qe2z+mmpPXTW5+wL5llms3I+hLUaZ5xISMmc="},"lastRemoteEphemeralKey":"BUFAWAz0gmMl1h3x6xjyTtq35iSFflcSDVDtyOQJVvhx","previousCounter":0,"rootKey":"0QTgCj0i67eFqOLI7J/RRr35dAvX8CXvXobsNszO1to="},"indexInfo":{"baseKey":"Bb9m+vsSVPsDsRNqGx4H2p8AIdomZCazJJce4HGkdF0k","baseKeyType":2,"closed":1718441957384,"used":1718441956798,"created":1718441956798,"remoteIdentityKey":"BVLu/Xw3Ir2ok1mDCA4ISzgq8HbkWDaRYeO/hwWt0ZQt"},"_chains":{"BUFAWAz0gmMl1h3x6xjyTtq35iSFflcSDVDtyOQJVvhx":{"chainKey":{"counter":0,"key":"7XuP/YUHtm25sbyFUnx4Nkm6iwrK+FpDRvjX8ahhTNU="},"chainType":2,"messageKeys":{}},"BdUrsHRbk4Xu7b6/C9XVSq6SxsFIZq349lSJPih+/mxB":{"chainKey":{"counter":-1,"key":"pGpHhC1K89/87n64CTGf3BAG7UmpktZeNIhgUNVYgcE="},"chainType":1,"messageKeys":{}}}},"BYsIP8A73prJ6UBBxXjVWY8t8fIOwf3Fqp5UihF9Iy4e":{"registrationId":1239980585,"currentRatchet":{"ephemeralKeyPair":{"pubKey":"BcHJeUIktO7iBUdKfmlzjTMRbWgrMlDK6sZwVI+zE8V8","privKey":"kFeJGIIL7JeUm6YpU6Xn2pU5LfIilMNT2meq+5L/hUg="},"lastRemoteEphemeralKey":"BahBesf99+E7EyBM7ySzNiqdE3/PHYymglmHXOc/MbgD","previousCounter":0,"rootKey":"aH8hTg4y7aN3Bb5ksNqvl3TjvD2gYiXPaIneBwWQC5c="},"indexInfo":{"baseKey":"BYsIP8A73prJ6UBBxXjVWY8t8fIOwf3Fqp5UihF9Iy4e","baseKeyType":2,"closed":1718441961347,"used":1718441957393,"created":1718441957393,"remoteIdentityKey":"BVLu/Xw3Ir2ok1mDCA4ISzgq8HbkWDaRYeO/hwWt0ZQt"},"_chains":{"BahBesf99+E7EyBM7ySzNiqdE3/PHYymglmHXOc/MbgD":{"chainKey":{"counter":0,"key":"cpe5jAacKTTOQ8W7u39c0NJlSkE8dRZ1N6S9Zsh+Ono="},"chainType":2,"messageKeys":{}},"BcHJeUIktO7iBUdKfmlzjTMRbWgrMlDK6sZwVI+zE8V8":{"chainKey":{"counter":-1,"key":"JQsKXQlE3kdE8trk8yz5pxYp3wF74jQPpJeTsw3Gojw="},"chainType":1,"messageKeys":{}}}},"Bb0TPP3lxnY5qWvJdEgK5+tDDCdE8l93XqT8OWzQbltU":{"registrationId":1239980585,"currentRatchet":{"ephemeralKeyPair":{"pubKey":"BcrYoOcPtY0HPj4x/GjE6RlS63qjtIqXFfX4y/di22A2","privKey":"YJmZTFYbLuijrr7/hr4ilSyK9WlFPKBV+Qrk6ctgKks="},"lastRemoteEphemeralKey":"BayenRFI7xY8BaRuvT0kZFJKv1jpDXkyoOJPLsj6fJ5M","previousCounter":0,"rootKey":"foRljgHg7iWKcpC64kUacUVkfBMGVAnDRK/hlNh2dO4="},"indexInfo":{"baseKey":"Bb0TPP3lxnY5qWvJdEgK5+tDDCdE8l93XqT8OWzQbltU","baseKeyType":2,"closed":-1,"used":1718441961358,"created":1718441961358,"remoteIdentityKey":"BVLu/Xw3Ir2ok1mDCA4ISzgq8HbkWDaRYeO/hwWt0ZQt"},"_chains":{"BayenRFI7xY8BaRuvT0kZFJKv1jpDXkyoOJPLsj6fJ5M":{"chainKey":{"counter":11,"key":"FAphsr8133j/1ntnj/9K6KUEZ4Av8ScBEvaZnKTDXXY="},"chainType":2,"messageKeys":{}},"BcrYoOcPtY0HPj4x/GjE6RlS63qjtIqXFfX4y/di22A2":{"chainKey":{"counter":-1,"key":"+J5OjnBhJXr/99d0EL52yFP8pqjit+Rva+cVjUSG4FA="},"chainType":1,"messageKeys":{}}}}},"version":"v1"}