{"version":4,"hash":{"type":"Buffer","data":"tETQsqY8K8cLYYAlh8o200Jmra5a3OZuaEfgIdKeP0g4gQkRb0F5bjC567wUwYBBfb90UJd+KrDJCNle11p4RRPwo7IZRaiJ/sAecV1XwddLsfG7uaEsQ29tscC8zhgbvnpgBbHFItdohaiXIYz6uIbw8THPVxQkZg/ee/fU9bE="},"indexValueMap":{"Bt/seMLkhcaw5kR3p5dARNIUBW+m0ifrIu7OPHJE6IM=":{"valueMac":{"type":"Buffer","data":"ZbXrZGV68oMK/Upn9vmoiVmG9p0EG9orURhhQ2mgjPE="}},"gvWtFCNym+q5/aYfpVdHZSF0TiMsWaQndrKv469JuCk=":{"valueMac":{"type":"Buffer","data":"wLXsEyYtOqwgkes67pg4Vzn6hRWA4mmGqbO+kFqYa1Y="}},"z30es1Z0cERS/B/orGkoh2DGSpe/xUIcs2B+PJjksAQ=":{"valueMac":{"type":"Buffer","data":"uKBLQ2UOwgCZhATTZRLQXBqvJtR/VWZRQYByLkYo0q0="}},"4BqHOB8l/4aYLrILydD52FcK/5bheWNNJ5H0qZPyfq0=":{"valueMac":{"type":"Buffer","data":"K/IqYr2W/WwF1fsHlzSedKwOOEt5ajgUVdttCo0nbJc="}},"8MvRwWat2Rpi+pVYXLV7SfkJRTl9fNT14kcEm96wxVE=":{"valueMac":{"type":"Buffer","data":"vd5kEMd5N9YPcFfj7FZC2JFuxvcqz/IOzlKpJraGsBM="}},"7dPNuyQbyFenAGbfFaa0uzOde8hbOguIvGntUgZu/2Q=":{"valueMac":{"type":"Buffer","data":"NIzKPii7h2rAh8buaGqbQbPXTgw5/cYz3r7JtTLqW2M="}},"Kiw/JIS4XoiXTGVjYi+K53gagU9AqIBF8Ex6jCf/rpk=":{"valueMac":{"type":"Buffer","data":"zGB2mgXf/Aq27SmZ9H2vo/qVYmrs0nnK20vFeNsMuvM="}}}}