{"noiseKey":{"private":{"type":"Buffer","data":"gNxc0KT3TosDtXPsKQypKepOfaqm0d0+ZvoUa01VrXA="},"public":{"type":"Buffer","data":"gd5EW4LYYI473/GUCTKcIqy1+xDC7/S1K2IiSMpJkxk="}},"pairingEphemeralKeyPair":{"private":{"type":"Buffer","data":"GLzScPPc5qYDtbhxaumcXJIheyBvax3b4xXFcXeC810="},"public":{"type":"Buffer","data":"SeTyQJLPHDNLn8Xr4qEGAFxPTsuPcgg7zo+XCZ9aHBc="}},"signedIdentityKey":{"private":{"type":"Buffer","data":"mO5fyO8qWiNbNhENbWPRIn1AXntP4DswaMwG3GacZE8="},"public":{"type":"Buffer","data":"SZyBujAeqM2xtW8iHIj8/7CUfE/PPQew6sqgg9RlKF8="}},"signedPreKey":{"keyPair":{"private":{"type":"Buffer","data":"kCR3urrSBC4S5Qwt3zC8bBmJHxZspBQrqt73v0296G4="},"public":{"type":"Buffer","data":"HU8eld1+bCwLH2iraXbrDZcEsXyWXVkc5haeQgeA/ig="}},"signature":{"type":"Buffer","data":"aI6/RsBNbwykZJmdPNWRrJQKuoSWALLJTwjNn7Ra6MH0RsJhNwBS0f/lluoDLeM+veSFGXpb6Aw5QjlV0q0EBA=="},"keyId":1},"registrationId":83,"advSecretKey":"JEUSQnWacZg/al3/zCnDs+3e6DOpEFGaDSuCGLEdr6M=","processedHistoryMessages":[{"key":{"remoteJid":"6285713108053@s.whatsapp.net","fromMe":true,"id":"8803101BBF3F9028E18922E7D1AC6AC0"},"messageTimestamp":1717074782},{"key":{"remoteJid":"6285713108053@s.whatsapp.net","fromMe":true,"id":"8B9CA8BEBBB93981EF41980D403C36C2"},"messageTimestamp":1717074783},{"key":{"remoteJid":"6285713108053@s.whatsapp.net","fromMe":true,"id":"09C8571B71ACBF80FF8D183A860B3C31"},"messageTimestamp":1717074785},{"key":{"remoteJid":"6285713108053@s.whatsapp.net","fromMe":true,"id":"858F4C1E337B9173E0D5ECDCD1DE9A1D"},"messageTimestamp":1717074786}],"nextPreKeyId":31,"firstUnuploadedPreKeyId":31,"accountSyncCounter":1,"accountSettings":{"unarchiveChats":false},"deviceId":"RVPbsewWRdKiAaizOi7-hQ","phoneId":"42e65111-bd58-48c8-9959-abe55fa3f072","identityId":{"type":"Buffer","data":"JyJEXSLgin9ftZsFjb5VsIFyiqA="},"registered":true,"backupToken":{"type":"Buffer","data":"jjVWe62cLGxmZRCX7m1MIVsS+Xc="},"registration":{},"pairingCode":"EB5S4733","me":{"id":"6285713108053:1@s.whatsapp.net","name":"FLIX BOT Ai."},"account":{"details":"CPTkq6MEENj24bIGGAEgACgA","accountSignatureKey":"ol3jdV2+xHQAC/vlo/TazhKhi/QOTgkX7t7h91T51wo=","accountSignature":"zkPDr58qrMCBaXIFmfPdTsTciNtdC37DRTQk494e2Qzooinqcs4ogZqlgroKOiOqVkFLIb36ciTtTjClY8qxCw==","deviceSignature":"ezSwcM7iW8+Lc8pXBltQBACNqLkcp8PDfZcDzy66lLFtsprQdNYuwFxFSEsM3XP5w3mqPEGEjQVdggibbb7pCw=="},"signalIdentities":[{"identifier":{"name":"6285713108053:1@s.whatsapp.net","deviceId":0},"identifierKey":{"type":"Buffer","data":"BaJd43VdvsR0AAv75aP02s4SoYv0Dk4JF+7e4fdU+dcK"}}],"platform":"android","lastAccountSyncTimestamp":1718381041,"myAppStateKeyId":"AAAAACGN"}