[{"senderKeyId":1862464254,"senderChainKey":{"iteration":8,"seed":"piuDCqfbVrrC1j7fztY7QPVx1unU6wUjXh9I4DH0fsc="},"senderSigningKey":{"public":"BQUK6Uocl6Ook5kCNBi5NzVwhRBFntmlH6PM9rTDu+Q0"},"senderMessageKeys":[]},{"senderKeyId":738144603,"senderChainKey":{"iteration":0,"seed":"u80iBZCwAgoKIbzJx7iroi5+orDyCiHdLsly1Gd3Ox8="},"senderSigningKey":{"public":"BXL3ZDrRZ7QrsqRe6Nau+ugBj5Vkz5BYkS0iDQS9s9cI"},"senderMessageKeys":[]},{"senderKeyId":527784437,"senderChainKey":{"iteration":2,"seed":"jBG36a3sWgWyTN6BiPt3FjhBDeJ1gvtiRQElaVMV/0g="},"senderSigningKey":{"public":"BbDDGQVBasgcnwvO5z8o+20qljn/pcbhtQrW1A3AUrh3"},"senderMessageKeys":[]}]