[{"senderKeyId":166658578,"senderChainKey":{"iteration":922,"seed":"gp+6qB2JYXl/zG/3Gerb3V4itiV7OeoCShLjw4OO+rE="},"senderSigningKey":{"public":"BcCAkARpN5gP6aFTQafLLkyP+7awNdVjSD75KXaRbeVM"},"senderMessageKeys":[{},{}]},{"senderKeyId":166658578,"senderChainKey":{"iteration":884,"seed":"0l4FVBBECkcZemXjhA6QuSyH/9a+f26sjXJN3ewLRsE="},"senderSigningKey":{"public":"BcCAkARpN5gP6aFTQafLLkyP+7awNdVjSD75KXaRbeVM"},"senderMessageKeys":[]},{"senderKeyId":166658578,"senderChainKey":{"iteration":884,"seed":"0l4FVBBECkcZemXjhA6QuSyH/9a+f26sjXJN3ewLRsE="},"senderSigningKey":{"public":"BcCAkARpN5gP6aFTQafLLkyP+7awNdVjSD75KXaRbeVM"},"senderMessageKeys":[]},{"senderKeyId":166658578,"senderChainKey":{"iteration":884,"seed":"0l4FVBBECkcZemXjhA6QuSyH/9a+f26sjXJN3ewLRsE="},"senderSigningKey":{"public":"BcCAkARpN5gP6aFTQafLLkyP+7awNdVjSD75KXaRbeVM"},"senderMessageKeys":[]},{"senderKeyId":166658578,"senderChainKey":{"iteration":884,"seed":"0l4FVBBECkcZemXjhA6QuSyH/9a+f26sjXJN3ewLRsE="},"senderSigningKey":{"public":"BcCAkARpN5gP6aFTQafLLkyP+7awNdVjSD75KXaRbeVM"},"senderMessageKeys":[]}]