[{"senderKeyId":856759362,"senderChainKey":{"iteration":810,"seed":"Lpiii4XMQN4ExDbDKtMoc1MOo5GiCXT7nJBnhbPHrCM="},"senderSigningKey":{"public":"BVD6kK3BTpmAbBF8GeJr6KVZLRq1Gina8jhLYim2+1JZ"},"senderMessageKeys":[{},{},{},{},{},{},{},{}]},{"senderKeyId":1131947352,"senderChainKey":{"iteration":1175,"seed":"gECLfyG6PiE9+SQqnsoyXjtVkONepyZeX614q2xiZO8="},"senderSigningKey":{"public":"BQt6RDUswD/I1DEr0smzF2F679CZM1ayK5f4ZKYuPXZW"},"senderMessageKeys":[{},{},{},{},{},{},{},{},{},{},{},{},{},{},{},{},{}]}]