{"_sessions":{"BbCIaBZCyB1g+STzLPwiu6bg2k0v4J76dX8KJ22GHtI9":{"registrationId":856835227,"currentRatchet":{"ephemeralKeyPair":{"pubKey":"BV2Zuf3PMkQhwj9yYM7KaZOfPdB3M2wQHiS1cmUono5j","privKey":"wKyGbg0ngpA0gkrBsdLHsLABb+7zHM2YxElhBY99xkk="},"lastRemoteEphemeralKey":"Bbh3d+DxBo7sQ/3Vq3irQyUfzUTfmmJgltn9+hq+nP5O","previousCounter":0,"rootKey":"hLljxA0UmnXcGNaAHr/FqxjgkzPZ33LX8y4Uk+UUuUA="},"indexInfo":{"baseKey":"BbCIaBZCyB1g+STzLPwiu6bg2k0v4J76dX8KJ22GHtI9","baseKeyType":1,"closed":-1,"used":1717074782264,"created":1717074782264,"remoteIdentityKey":"BRxKy9Cd6Kx/hkguWrifcyNJSqDSuR5bEbvLMPvStK8r"},"_chains":{"BV2Zuf3PMkQhwj9yYM7KaZOfPdB3M2wQHiS1cmUono5j":{"chainKey":{"counter":17,"key":"0nVctG6qy+iNHIT9KJmTGW0zDK2vf3rEq2mz9tQA6Fk="},"chainType":1,"messageKeys":{}}},"pendingPreKey":{"signedKeyId":0,"baseKey":"BbCIaBZCyB1g+STzLPwiu6bg2k0v4J76dX8KJ22GHtI9"}}},"version":"v1"}