{"_sessions":{"BRHYXpWdHEsFACWUOGBGrtbB6KaU8K+xNqNQUyXVKERs":{"registrationId":648244693,"currentRatchet":{"ephemeralKeyPair":{"pubKey":"Bf173/WIlw2UDz+bQthWuwuEwsctuuN6wptLecuUeM5w","privKey":"6DObL3riAEZis2tB6dQbS618JusaxgUL8GB1QCr0vFw="},"lastRemoteEphemeralKey":"Ba4Zpik+UFlqn2Pk34mjMJm2VLJeJk1pNExY5fPZqsVe","previousCounter":0,"rootKey":"EsUKKhvrKum2IKZk9gF8Nu0/z+6M5TQtl42urITsCfM="},"indexInfo":{"baseKey":"BRHYXpWdHEsFACWUOGBGrtbB6KaU8K+xNqNQUyXVKERs","baseKeyType":2,"closed":-1,"used":1718427433065,"created":1717074781506,"remoteIdentityKey":"BaJd43VdvsR0AAv75aP02s4SoYv0Dk4JF+7e4fdU+dcK"},"_chains":{"Bdc+cu4aE6ShRAH2o69cHur3ILJxCXBUCPjzcIUvQjZU":{"chainKey":{"counter":5},"chainType":2,"messageKeys":{}},"BTgpy73KSE5CnloSPtqO7ECq2Y0swZAxUP344wVFSG5W":{"chainKey":{"counter":5},"chainType":2,"messageKeys":{}},"BeYRn2FkWz9zERAkP+1ZqzOxWWgQtOOK5pFq4kN062I7":{"chainKey":{"counter":1},"chainType":2,"messageKeys":{}},"BXxS/nIF32xT2L+4Bw15yPWxSwmtBBlE97Z4qrq5K5tQ":{"chainKey":{"counter":0},"chainType":2,"messageKeys":{}},"BblslSNoSurOR6EeKBaT7a/pDL/w9RJjQoMIX/uJHwk+":{"chainKey":{"counter":0},"chainType":2,"messageKeys":{}},"BZVoSnEPu27jRgrqTcH6f6eO6nlqcH8KL6svJodT501t":{"chainKey":{"counter":0},"chainType":2,"messageKeys":{}},"BbijiyFSNUjBrfGxo0+KpOYX09gWRBtRJ5Q8MtQnnpEq":{"chainKey":{"counter":0},"chainType":2,"messageKeys":{}},"BZ/28gqSqMZKxsQjSoNqBjG5VBIt/xeV6i7dA8QxXx08":{"chainKey":{"counter":0},"chainType":2,"messageKeys":{}},"BT4gsFsvZ5XNOlteCnG8/DGPxmH63jEy39PzFsNJ0isP":{"chainKey":{"counter":1},"chainType":2,"messageKeys":{}},"Bf8qkY9RI57BX1KHaGSMo1/fFkbAX4HJLhygH0INhpQd":{"chainKey":{"counter":0},"chainType":2,"messageKeys":{}},"BS3NYjOwrYNiXzqb8cqAM2QQTfaaNmL7sDGC+Zoggvsi":{"chainKey":{"counter":0},"chainType":2,"messageKeys":{}},"BX8uudFy9fc+Bcp/+iQgDbtA5Xqkdz4oAEEikaO3lE0V":{"chainKey":{"counter":1},"chainType":2,"messageKeys":{}},"Baj4zQ/RegScQYqLvc8AURrh36XkP1890bTQfV+vkuUL":{"chainKey":{"counter":0},"chainType":2,"messageKeys":{}},"BfxHHEHqLQoGfNfkhWxtT5D7RXOnX/7V0rwsmqbYFoEf":{"chainKey":{"counter":0},"chainType":2,"messageKeys":{}},"Ba4Zpik+UFlqn2Pk34mjMJm2VLJeJk1pNExY5fPZqsVe":{"chainKey":{"counter":0,"key":"P+lzjNuSmv3y3AHz9KKzU69423L7FW/hE0KCbIdw9u8="},"chainType":2,"messageKeys":{}},"Bf173/WIlw2UDz+bQthWuwuEwsctuuN6wptLecuUeM5w":{"chainKey":{"counter":0,"key":"iSo4K81gR+FZ6/uAZNCpTbtDrWl+S7dvONyZNlXQEr0="},"chainType":1,"messageKeys":{}}}}},"version":"v1"}