{"_sessions":{"BQutQLV8fm8DRCs1WPj+ext+RNLPNazmp7Bnpo5PHeV0":{"registrationId":1819071190,"currentRatchet":{"ephemeralKeyPair":{"pubKey":"BYFnfcCGfUMGdrgYsBFFRZ+ZOe4jjjDZKuAGz72ckekU","privKey":"UAU4eKIcL4zHAc67bwuP4i/EK14fnipz/K1l/mDilHE="},"lastRemoteEphemeralKey":"BZ5bf3aFLhH+CZcRh+2OBGt/cbF/41e/i0z0zvnrM9kv","previousCounter":0,"rootKey":"3o4CMG2nZXKuZMRwnBVGNf+o3pwTeeTqF0szyfqgVAg="},"indexInfo":{"baseKey":"BQutQLV8fm8DRCs1WPj+ext+RNLPNazmp7Bnpo5PHeV0","baseKeyType":1,"closed":-1,"used":1718419106428,"created":1717240943389,"remoteIdentityKey":"BQHDADNiuLyHETVVBTDOKkK72RSA57i1keNIT8ApAMNn"},"_chains":{"BR7EQ/vvZ5gUeifEX55bLAtPEar78MPZ8taj4YcMg6wZ":{"chainKey":{"counter":75},"chainType":2,"messageKeys":{}},"BZ5bf3aFLhH+CZcRh+2OBGt/cbF/41e/i0z0zvnrM9kv":{"chainKey":{"counter":803,"key":"PVlJQM8A2ALlIxZPwMK+/PzrikEiMo7Hyh3uaUZWKQA="},"chainType":2,"messageKeys":{"208":"JnX4EBbmcUuCzyYGzAimZ39c4fd1ag7iMIZiqzBGUAo="}},"BYFnfcCGfUMGdrgYsBFFRZ+ZOe4jjjDZKuAGz72ckekU":{"chainKey":{"counter":-1,"key":"o9agkyoK6Tymrc1LvdKxbcwaUAtyt2X+KeXc1oF1kAk="},"chainType":1,"messageKeys":{}}}}},"version":"v1"}