{"_sessions":{"BUYSH9qt3siliEvq70WU1PlaeZuJzFQTZE+qWhO6i48o":{"registrationId":1438889623,"currentRatchet":{"ephemeralKeyPair":{"pubKey":"BZgaEX+sKpb0WDwjyxSHnojUz7s+Wase+mY4KGMknU0K","privKey":"0NO9BmFow0EwF4PUEkKIk+TgEMSf8VjUqv45UKFqxEQ="},"lastRemoteEphemeralKey":"BdBGabR0vvabxuZRVJApRTqc6HA6Bdb8ndD0LBPp42J7","previousCounter":0,"rootKey":"Es4ykxFvsz2K7W52Lst001jLLVN6/SqULkWdufDR2HA="},"indexInfo":{"baseKey":"BUYSH9qt3siliEvq70WU1PlaeZuJzFQTZE+qWhO6i48o","baseKeyType":1,"closed":-1,"used":1717240943372,"created":1717240943372,"remoteIdentityKey":"Bc9NscB2/StDcJOYxv+B+Ca4oitPA+XxppmhFT4UkRM2"},"_chains":{"BZgaEX+sKpb0WDwjyxSHnojUz7s+Wase+mY4KGMknU0K":{"chainKey":{"counter":1,"key":"I+9Ezla4YGAk7LMcJOTmWI3sbHeVFI2tNiO59X9B2d8="},"chainType":1,"messageKeys":{}}},"pendingPreKey":{"signedKeyId":46,"baseKey":"BUYSH9qt3siliEvq70WU1PlaeZuJzFQTZE+qWhO6i48o"}}},"version":"v1"}