{"_sessions":{"BagGSgkCxl0/egYPhOFafoUC+HHKb89ZrANFAppBTCRy":{"registrationId":221751527,"currentRatchet":{"ephemeralKeyPair":{"pubKey":"BTr1uHMbya50kBx/XvMS7bFMMUILx+y59OboTjS5t98t","privKey":"8JZpE0b715/OIX3ECJSaaCdL/Tmjw/Aoq8fGNr/sBVA="},"lastRemoteEphemeralKey":"BUzqDkQ233OGN0ZzbgL4w49C9xRSHrZjmIFGIBajdYdG","previousCounter":0,"rootKey":"ddvyAsjaYr04aFhK8YgpJonpmxKcWkcIw1kG6K9K2Fg="},"indexInfo":{"baseKey":"BagGSgkCxl0/egYPhOFafoUC+HHKb89ZrANFAppBTCRy","baseKeyType":1,"closed":-1,"used":1717240943398,"created":1717240943398,"remoteIdentityKey":"Bf3v4GxkbHAYRVuBNt2xWEy7y83wS7K3zbPOvQJOGPl7"},"_chains":{"BTr1uHMbya50kBx/XvMS7bFMMUILx+y59OboTjS5t98t":{"chainKey":{"counter":1,"key":"7f2cIzd3SJpFi3hDfa42ztkZvb9qss++j4XRo+umdZo="},"chainType":1,"messageKeys":{}}},"pendingPreKey":{"signedKeyId":4,"baseKey":"BagGSgkCxl0/egYPhOFafoUC+HHKb89ZrANFAppBTCRy","preKeyId":12841811}}},"version":"v1"}