{"_sessions":{"Ba2zEb8Fwy0syGLikKfOVeA5yOkqL9LYGbu06z2SkWML":{"registrationId":304994784,"currentRatchet":{"ephemeralKeyPair":{"pubKey":"BZSUv4OdJQBbCQL2zIhOcWvFbLn+Ot4Zh7jooQC7Q0gW","privKey":"SBMGrQCiR/4KELhBi6op9u6En7uKl3hC6LTop2sw5lk="},"lastRemoteEphemeralKey":"BT2xyYkBI5owuylbL2eo916duxCqjiUJtOeMkJpqdhBw","previousCounter":0,"rootKey":"UwMdZmJe+HDqaqDCcHmOYb9FtdrR3qX5i9z5UPKzOcU="},"indexInfo":{"baseKey":"Ba2zEb8Fwy0syGLikKfOVeA5yOkqL9LYGbu06z2SkWML","baseKeyType":1,"closed":1718381485198,"used":1718381147283,"created":1717240943365,"remoteIdentityKey":"BanECCNjA8Zjuq3K98oStubAS0JMtRZpguoHjLYkGkta"},"_chains":{"BT2xyYkBI5owuylbL2eo916duxCqjiUJtOeMkJpqdhBw":{"chainKey":{"counter":1,"key":"HVgOODv9BooX8QhJ0v7cmIyV7WDZshWnD45Nba0APp8="},"chainType":2,"messageKeys":{}},"BZSUv4OdJQBbCQL2zIhOcWvFbLn+Ot4Zh7jooQC7Q0gW":{"chainKey":{"counter":-1,"key":"1Euuu0kfHzjslQsELvjcuwd6r/Ma0RfAQSwEMjWxUQk="},"chainType":1,"messageKeys":{}}}},"BTSU5Mjv2H+h9QB6ZgptJkIIGfsOGCIcGRVPOrIgEHcM":{"registrationId":304994784,"currentRatchet":{"ephemeralKeyPair":{"pubKey":"BR+ETNQlC6FAFR8eme/aRq9YzXHDz7Q5jE7QwGpPkOo7","privKey":"4JAD7pyORaO1UpVUwcUKlC0r2ELqX7ptQLhpDehueV0="},"lastRemoteEphemeralKey":"BUUVeLxFSX5FfZhWkKG7J2K1Yo7cfALewt+01XSBrNpY","previousCounter":0,"rootKey":"mx+BjT6Hi/zaJyfXa9EHs3LJywZwaek5o3aLXWxRV44="},"indexInfo":{"baseKey":"BTSU5Mjv2H+h9QB6ZgptJkIIGfsOGCIcGRVPOrIgEHcM","baseKeyType":1,"closed":1718381532442,"used":1718381485187,"created":1718381485187,"remoteIdentityKey":"BanECCNjA8Zjuq3K98oStubAS0JMtRZpguoHjLYkGkta"},"_chains":{"BR+ETNQlC6FAFR8eme/aRq9YzXHDz7Q5jE7QwGpPkOo7":{"chainKey":{"counter":-1,"key":"QiPQ0tknIRPvpPFI2wiu4N0H0EtEKdFTqXANv0956fQ="},"chainType":1,"messageKeys":{}}},"pendingPreKey":{"signedKeyId":7,"baseKey":"BTSU5Mjv2H+h9QB6ZgptJkIIGfsOGCIcGRVPOrIgEHcM","preKeyId":642486}},"BSjQVn0ZExFAVLntzqj6iqB4fbXRKWt9po0JcTS+ZR50":{"registrationId":304994784,"currentRatchet":{"ephemeralKeyPair":{"pubKey":"BeSJdHqjCwTS5HMmXRl0leu1QmRsUyZsI+Y2JhVSXdAh","privKey":"0HVNFZOki0RIoCJMCEPjtUpvEuTCSyxTELN//ZrPHVA="},"lastRemoteEphemeralKey":"BUUVeLxFSX5FfZhWkKG7J2K1Yo7cfALewt+01XSBrNpY","previousCounter":0,"rootKey":"Stm2SgOfj6VQfTEn2Vso/1g96Sss49mewQs0TcRqcD0="},"indexInfo":{"baseKey":"BSjQVn0ZExFAVLntzqj6iqB4fbXRKWt9po0JcTS+ZR50","baseKeyType":1,"closed":-1,"used":1718381532431,"created":1718381532431,"remoteIdentityKey":"BanECCNjA8Zjuq3K98oStubAS0JMtRZpguoHjLYkGkta"},"_chains":{"BeSJdHqjCwTS5HMmXRl0leu1QmRsUyZsI+Y2JhVSXdAh":{"chainKey":{"counter":0,"key":"xHvqb02sr2aUZ5Fz3LrKhn1RGoRqyUhK9uDy3isFKB0="},"chainType":1,"messageKeys":{}}},"pendingPreKey":{"signedKeyId":7,"baseKey":"BSjQVn0ZExFAVLntzqj6iqB4fbXRKWt9po0JcTS+ZR50","preKeyId":643151}}},"version":"v1"}