{"_sessions":{"BYvk31TZeWF3WdI5s5UxNi5GqNqDZ+klSaPaQuWIbfZj":{"registrationId":768671228,"currentRatchet":{"ephemeralKeyPair":{"pubKey":"BUk0MekOZk3GOoU7TEsT7UUP5S9ZT0Uq7fn+PGWMEJ4X","privKey":"qE91Mo1LL9QnbalqBDT3BL+TETFfAhqxjsaG3q44WXk="},"lastRemoteEphemeralKey":"BWmmbvaw7tgGPUajj9meKiC2ySRmTdyc132BSRAoupRV","previousCounter":0,"rootKey":"9Qmi9ilYoQJgRl1O7MunsTPdg6bjAjnYAlHzj4hqVTc="},"indexInfo":{"baseKey":"BYvk31TZeWF3WdI5s5UxNi5GqNqDZ+klSaPaQuWIbfZj","baseKeyType":2,"closed":-1,"used":1718381307477,"created":1718381307477,"remoteIdentityKey":"BX2xUq6uF4CHpndJBT1L1/Ae3Ixp3Olr0dgBYYDQ1NgD"},"_chains":{"BWmmbvaw7tgGPUajj9meKiC2ySRmTdyc132BSRAoupRV":{"chainKey":{"counter":4,"key":"CVkjnbLYiaj32TFu403Kd/RnZFDgAoUEezH3XubZlds="},"chainType":2,"messageKeys":{}},"BUk0MekOZk3GOoU7TEsT7UUP5S9ZT0Uq7fn+PGWMEJ4X":{"chainKey":{"counter":-1,"key":"UnrnflmNTX5yCR4IINz9/mwRvluU/vp8PorXODIr5Ng="},"chainType":1,"messageKeys":{}}}}},"version":"v1"}