{"_sessions":{"Beb49SM5eVBgGLVDd4+zkOJ8DMs+bSmcVOtykZh1Q0wq":{"registrationId":1239980585,"currentRatchet":{"ephemeralKeyPair":{"pubKey":"BWsY29waf7/agsmtB4V9dPZdZWD8H7YNz22z5764TRwh","privKey":"aJefNGyJQuN9iBGsNW2Xj3jiVUVjtj5TdweYh4Ntz1E="},"lastRemoteEphemeralKey":"BTaoiJjTqbDb5QERrW8W5NAwxiPDUNggClEcmVYHUVBA","previousCounter":1,"rootKey":"lKuQM2ae85z3k2261gf0iURPyiMGslcqaBiGVyxBORY="},"indexInfo":{"baseKey":"Beb49SM5eVBgGLVDd4+zkOJ8DMs+bSmcVOtykZh1Q0wq","baseKeyType":1,"closed":-1,"used":1718427063171,"created":1717240943347,"remoteIdentityKey":"BVLu/Xw3Ir2ok1mDCA4ISzgq8HbkWDaRYeO/hwWt0ZQt"},"_chains":{"BTXgeAcCugOtoZt7buTvlqkU1i2lsIwFw+mkC9lUfgMb":{"chainKey":{"counter":0},"chainType":2,"messageKeys":{}},"BeV6yYiydQrx91tb6DgJIBcwqrN0W2Um6r84znxAkIE9":{"chainKey":{"counter":0},"chainType":2,"messageKeys":{}},"BS6KGo+Yy3z3upFmDE/h+2Da+wfvAHAo88KaynKXC4p7":{"chainKey":{"counter":0},"chainType":2,"messageKeys":{}},"BRZvy51F+VLFdDEa0NN1xYArWK5GIvKhViwYiTc84ZZO":{"chainKey":{"counter":0},"chainType":2,"messageKeys":{}},"BcyO131iwFk0dhIvJ+vpVTgRTkQuSRgLF99U1OoWRhBc":{"chainKey":{"counter":32},"chainType":2,"messageKeys":{"4":"2BU1G/c/THXh4hKGg9F3w3+wmbEuAmiCdIEZy4UOD5k=","5":"ckQQwjovOsfclIDZ8Rm+Kjx60Nk1Tc85r7lu9LtjmFs=","7":"9DZ5RVycWq9Xc5HF6Ev0zvrfK8IiVPrAhboc4nIK7sA=","29":"mrjBQxO9lKbzyJ1zXYA55AT7DAYy2h38+CfM3gqXUJk="}},"BSB9y6vDQSz9B+qKw8D/ig2/Ujg8y0IZPqiWfZ0Ipug0":{"chainKey":{"counter":1},"chainType":2,"messageKeys":{}},"BTaoiJjTqbDb5QERrW8W5NAwxiPDUNggClEcmVYHUVBA":{"chainKey":{"counter":2,"key":"NjtLc/QKsZ8WVD0dcm3DN0UfKwOb+yBWxJMyfRav3UY="},"chainType":2,"messageKeys":{}},"BWsY29waf7/agsmtB4V9dPZdZWD8H7YNz22z5764TRwh":{"chainKey":{"counter":8,"key":"OOomVVS4/BotEaNFirUbRGZnv0Rueef8Hm+qO3p6moU="},"chainType":1,"messageKeys":{}}}}},"version":"v1"}