{"_sessions":{"BU7fciuwAilyxoDgPEKRwipXJ4TA8BFSc0bKEg3Zl7cn":{"registrationId":1676318665,"currentRatchet":{"ephemeralKeyPair":{"pubKey":"BVWzT68nB3J6TbY9dlLHTeUuXBuVAv0MXUl+1wDRCIEn","privKey":"cKBOH7+3OG42i6I8/zBiiCU/bZrd1VROdzdlLf5+1FI="},"lastRemoteEphemeralKey":"BcL22Pksxh3X4yz+cxy1dj/9yuCFyUSicSw4hxxEe+Aw","previousCounter":0,"rootKey":"eF3ZGRPYsqsEY+lahGitUq4GymWx5lKfOJ9nafJ6NHU="},"indexInfo":{"baseKey":"BU7fciuwAilyxoDgPEKRwipXJ4TA8BFSc0bKEg3Zl7cn","baseKeyType":1,"closed":1718381254059,"used":1717240943338,"created":1717240943338,"remoteIdentityKey":"Bb8E/qu7O+OY5EqkIhKwwf63nNkHfH1cG6HD+pggmg4g"},"_chains":{"BVWzT68nB3J6TbY9dlLHTeUuXBuVAv0MXUl+1wDRCIEn":{"chainKey":{"counter":0,"key":"bpdPEzHEE7CF4i/Lo2Gu6J7L+M2whoGN4WuXzbpFp+Y="},"chainType":1,"messageKeys":{}}},"pendingPreKey":{"signedKeyId":61,"baseKey":"BU7fciuwAilyxoDgPEKRwipXJ4TA8BFSc0bKEg3Zl7cn","preKeyId":16069152}},"BS17K8CTbcAll5lRo0yo8HJ299t/FOm5pffP4a7D/jEa":{"registrationId":1676318665,"currentRatchet":{"ephemeralKeyPair":{"pubKey":"BQ0+LFqsWZSqlAooccBIGDKQtHpcCIxg2DVKBGgnpU5F","privKey":"8IZGhgluVfypfPp5W/Yzt8JKq5Leeb4+DFCqsQeoqkk="},"lastRemoteEphemeralKey":"BZCRmBMDhFluLmNa8te4SqWLPhz4BU6DISihqsgjTTJj","previousCounter":0,"rootKey":"eQG04ylGYAOyjFGgdosVVm4GpnV/1sf2TtyC6XyGlak="},"indexInfo":{"baseKey":"BS17K8CTbcAll5lRo0yo8HJ299t/FOm5pffP4a7D/jEa","baseKeyType":2,"closed":-1,"used":1718381254071,"created":1718381254071,"remoteIdentityKey":"Bb8E/qu7O+OY5EqkIhKwwf63nNkHfH1cG6HD+pggmg4g"},"_chains":{"BZCRmBMDhFluLmNa8te4SqWLPhz4BU6DISihqsgjTTJj":{"chainKey":{"counter":1,"key":"1ZWeA8buPg0erdTGo8vIWYJ2e3JLOrf94UPjd4yGbQA="},"chainType":2,"messageKeys":{"0":"ZAlyF4i/a0KAu3r3ZtHa6/poacUQ+QjxVEY46FgcL9o="}},"BQ0+LFqsWZSqlAooccBIGDKQtHpcCIxg2DVKBGgnpU5F":{"chainKey":{"counter":0,"key":"6GaqhQ/C5YRsFjA/yC61KWPotcKpwnPriwMY3b6jiJA="},"chainType":1,"messageKeys":{}}}}},"version":"v1"}