{"_sessions":{"BUbDYawBygIfev/3FYqJ4ZATlby7jZ3VwXJ6V7cF1J5s":{"registrationId":427032500,"currentRatchet":{"ephemeralKeyPair":{"pubKey":"BYMAMLahqQIgtXY7IFr5JqSyiUGT3pywtSGi1IfDu8ci","privKey":"+Gh8KUnFSX7Y/Gf5edoxhYvKxtTZjf9cBB6jhYszd0o="},"lastRemoteEphemeralKey":"BR0XPHhRjAHMEx6px51Ko90jX3H1yMOrMnSQ/GjDAXA+","previousCounter":0,"rootKey":"6d2xNM0efQZmE7kMoyZCC5BWCtOKtS7hISOxYVRizqA="},"indexInfo":{"baseKey":"BUbDYawBygIfev/3FYqJ4ZATlby7jZ3VwXJ6V7cF1J5s","baseKeyType":2,"closed":-1,"used":1717074834900,"created":1717074834900,"remoteIdentityKey":"BTZyFDN9A7ogl8POosmhYA8OPGOOxvF7NEmDX+RT75FV"},"_chains":{"BR0XPHhRjAHMEx6px51Ko90jX3H1yMOrMnSQ/GjDAXA+":{"chainKey":{"counter":14,"key":"ZP+AiFO5qY/HvO1SQP08XVRHxUYGPGMQuCw0psBREOA="},"chainType":2,"messageKeys":{"4":"xFbW3z5RopNLSMDKIAsIC8gYecsd7nA3JpOxd48/XDo=","5":"UXBTqwvcav/f/juPTmSfFlIxgvLMCvXJ3ttdq+Kq1zg=","6":"THTyLd4+X81NvUiJIG/dJBF4X+wifchUUzBFtMAQotI=","7":"GOfohV8aBl9Ww5Z9+qz38UGyZIM28jwgoJlrGakotpk=","8":"REZ+kzTelC1Cn3GqqYnV1a2HpyhiYBm8NGS877+RK6k=","9":"YOWY8qgezWb9lH7MOica0sWW4++DJMceOjaVOsf/hHA=","10":"yCpbiM0SYihCbY0Em0NS2sXqySlescffhOB2sulh4uU=","11":"GZOD30m8w4YXsYeE0txZFCs98zeBFFOMvrqAqrQI5eM="}},"BYMAMLahqQIgtXY7IFr5JqSyiUGT3pywtSGi1IfDu8ci":{"chainKey":{"counter":-1,"key":"hJKW5+cfKE9Vhxb0iQiSA7yiCg6LoV2/GR9Tt8zDNRA="},"chainType":1,"messageKeys":{}}}}},"version":"v1"}