{"_sessions":{"BUdnJCsiApNY1sohgof47BYidchn5fwRr6ZV0GFpje9y":{"registrationId":1925484678,"currentRatchet":{"ephemeralKeyPair":{"pubKey":"BVWmliLlS6DgFlwFIVUe2lsqN0p9A0QcVbza8A7Aan9U","privKey":"eI1NZpIGBiAhar8NnaitFbhc07YrdkqAXg358Rn0Tnw="},"lastRemoteEphemeralKey":"BZ6xtmzZV6syAtqefdj8dvFWrgdEDWDOUIBe0oj9pUtY","previousCounter":1,"rootKey":"Y5/yo3blAXzkhq7AleRmGUjtO7UtaOaQfJq6Bcu3558="},"indexInfo":{"baseKey":"BUdnJCsiApNY1sohgof47BYidchn5fwRr6ZV0GFpje9y","baseKeyType":1,"closed":-1,"used":1718382867497,"created":1717240943381,"remoteIdentityKey":"BSIDN9W41Ey+pZJv7UibkerKv8YoMCXetLjDCF7Xm3kU"},"_chains":{"BS+8dWXBuvzucwC2K9NZoKekFaHop0jw74liXhBh3xdL":{"chainKey":{"counter":1},"chainType":2,"messageKeys":{}},"Bbz63+xuER4nByUrQ4MKn8KExToMG1tonIWwQ3qlQHQm":{"chainKey":{"counter":0},"chainType":2,"messageKeys":{}},"BRjjPcoumx8nGvunXuETJlTUZwLW0nICJw6714ZFasAJ":{"chainKey":{"counter":0},"chainType":2,"messageKeys":{}},"BfWkhLkhlsaEftmEOBL/uyMWcrKa5y6kxYFvcw3YO5QQ":{"chainKey":{"counter":0},"chainType":2,"messageKeys":{}},"BeJA0oYp7jdMLSa1fkPyMioDBQsETaUq4iYenjGrXzx7":{"chainKey":{"counter":1},"chainType":2,"messageKeys":{}},"BUrCBX1FXEi+QjjqNUWdDwptukwUhl06id6kz62pOVQZ":{"chainKey":{"counter":0},"chainType":2,"messageKeys":{}},"BcQXaK561ATnZYUbvxfPqbHGmE4jl+GJC1PGs6Cz0spp":{"chainKey":{"counter":0},"chainType":2,"messageKeys":{}},"BZ6xtmzZV6syAtqefdj8dvFWrgdEDWDOUIBe0oj9pUtY":{"chainKey":{"counter":0,"key":"iQaBH10Tw5uAhG6Qd/b4Xrqt5xA0GKquQpJ0Dt63KMA="},"chainType":2,"messageKeys":{}},"BVWmliLlS6DgFlwFIVUe2lsqN0p9A0QcVbza8A7Aan9U":{"chainKey":{"counter":4,"key":"nU+5Ia5KO3deieyOVPwOjyL2TurxG7A/9LwfPUvjT00="},"chainType":1,"messageKeys":{}}}}},"version":"v1"}