{"_sessions":{"Bfef1hvJsujxeRZVfd5egeyG+1OIqQM94SkiG4/tlBxH":{"registrationId":371458034,"currentRatchet":{"ephemeralKeyPair":{"pubKey":"BetVKqOCfvkSdsiJMBWsD2bjuYnKAnHeLPYlQ2+ztbQ4","privKey":"QAQpxfP76jV4OLDqiKSrk7h+vi0wKcucAVWxvb6LyFQ="},"lastRemoteEphemeralKey":"BSATle4NCkH1Di4WaeBo0SvzdjrdHYhD/5WtAo09EPs8","previousCounter":0,"rootKey":"Q7nci3wYovWatt4JIk3CY1bnuMRfCjuGLQtTXnXXC78="},"indexInfo":{"baseKey":"Bfef1hvJsujxeRZVfd5egeyG+1OIqQM94SkiG4/tlBxH","baseKeyType":1,"closed":-1,"used":1717240943357,"created":1717240943357,"remoteIdentityKey":"BUJE9AILDUe9ToJZqPJEOGxE+oYdZNYkgSJ5yZFSQ44/"},"_chains":{"BetVKqOCfvkSdsiJMBWsD2bjuYnKAnHeLPYlQ2+ztbQ4":{"chainKey":{"counter":1,"key":"oZjeTJlQYMqG1C6AJG0UST7okj1l6mU0YyS1nYRGocQ="},"chainType":1,"messageKeys":{}}},"pendingPreKey":{"signedKeyId":0,"baseKey":"Bfef1hvJsujxeRZVfd5egeyG+1OIqQM94SkiG4/tlBxH","preKeyId":11955184}}},"version":"v1"}