{"_sessions":{"BW+DopM3DVG8eGE5E5HSjPRYmabfdUqmq2Ok3CjKIfYQ":{"registrationId":1581046814,"currentRatchet":{"ephemeralKeyPair":{"pubKey":"BSR3FFTllBtN7goxA/mfY+lxpQUjODoBUDnILNEmkZ02","privKey":"iNPKe8cuID73Hds3MM1k5WkkmvSPh32SlED+Y7FXrU0="},"lastRemoteEphemeralKey":"BS0sScdhAnr0cijJIKTcX1b25q6H96E/Y7dFR8npiidf","previousCounter":0,"rootKey":"IdgfDd1RmzyyHGpr5PrInZJ/4BHSWqZZuoZG4+/XQK4="},"indexInfo":{"baseKey":"BW+DopM3DVG8eGE5E5HSjPRYmabfdUqmq2Ok3CjKIfYQ","baseKeyType":1,"closed":-1,"used":1718381149668,"created":1717240943406,"remoteIdentityKey":"Be2ENfxgqw3JmfbXiZLG1LGCOfmw9vUgeAwavgAAT0wd"},"_chains":{"BS0sScdhAnr0cijJIKTcX1b25q6H96E/Y7dFR8npiidf":{"chainKey":{"counter":1,"key":"y/lt7tKj0uRPf/nZ9cpSz3kxOL238bDfrbXT23w2wV8="},"chainType":2,"messageKeys":{}},"BSR3FFTllBtN7goxA/mfY+lxpQUjODoBUDnILNEmkZ02":{"chainKey":{"counter":0,"key":"mlldzkBg7t854407w0UArVLKONi2a9tv2k2KugnAip4="},"chainType":1,"messageKeys":{}}}}},"version":"v1"}