{"_sessions":{"BT4Defzjrahds0iAtiv0v1t8iKQvvLeVrorzznOjEdM1":{"registrationId":1132238474,"currentRatchet":{"ephemeralKeyPair":{"pubKey":"BfZ9q3YqiRJqaurNGEG+d6SlzLFqYwzIrqTZaNCzbN4z","privKey":"GILaP30IMKiun4nRTJFXf9Ar9nyr4Yv44hIOSovZTXA="},"lastRemoteEphemeralKey":"BU5wI/rxe3pRgESSs9/VBS11oFH+pwVOlGf5vCTSCaku","previousCounter":0,"rootKey":"YWeuf5HgqLXeVlGBuG6n1NeDNrzXuXzKVNJqShRGJRw="},"indexInfo":{"baseKey":"BT4Defzjrahds0iAtiv0v1t8iKQvvLeVrorzznOjEdM1","baseKeyType":2,"closed":-1,"used":1717240680179,"created":1717240680179,"remoteIdentityKey":"BeS3wn0CbFHpv3JpQDblI/iIEdXNqshLeV0/kE8d5+Jo"},"_chains":{"BU5wI/rxe3pRgESSs9/VBS11oFH+pwVOlGf5vCTSCaku":{"chainKey":{"counter":1,"key":"FmPHA113+QHciBmtoqIy9V59SrJ1Ob9leKol4F51AoY="},"chainType":2,"messageKeys":{}},"BfZ9q3YqiRJqaurNGEG+d6SlzLFqYwzIrqTZaNCzbN4z":{"chainKey":{"counter":-1,"key":"f2YXrOQZXGFsUZv4Wn7KFglMt2ITSgOf8BWhsGlkjs8="},"chainType":1,"messageKeys":{}}}}},"version":"v1"}